f1,f2,f3,f4,f5,label
0.1322876916319162,0.2348044430334974,0.903505630876194,0.1491698483815339,0.240727864591249,1
0.5471406855498683,0.4181432278828784,0.9995900949778478,0.2947632147703841,0.1915758941927843,1
0.6704618851732682,0.9588100200760236,0.909129786996746,0.6417765948182029,0.7201905102036772,1
0.0391772928115176,0.0155254538895008,0.0254410617450333,0.446270139646269,0.0564129105243809,0
0.6539925499181715,0.0353294166339666,0.5260757372274197,0.5720416256118589,0.8939790298590026,0
0.0409320135245563,0.7647953315144141,0.5228666851291983,0.1791642492693413,0.2206502914206271,0
0.7054105845029109,0.0027571676830503,0.2500000902569532,0.4075385654927614,0.0760959417181469,0
0.3303203530853756,0.0181187685204218,0.6062593825082183,0.9647240383239036,0.0996686210886788,0
0.7532543910057149,0.2859061221806681,0.2915377687421013,0.6863671431014673,0.3783497604722505,0
0.3836432216507007,0.0815007254328913,0.0354145012851914,0.0143984240668101,0.78667741538721,0
0.2356860283617631,0.3642631643734331,0.021695019845997,0.4437557375505055,0.0006572781029433,0
0.8286757211380017,0.2572985418915228,0.8604823032154261,0.7149886823322935,0.4465843478105558,1
0.7206371293026397,0.2565039087645197,0.3664608078242635,0.4533056131586983,0.7956175594018264,0
0.3504615840468265,0.1991771355146527,0.7041140841911033,0.41327533012177,0.2845751127670231,0
0.3328456075499796,0.0444190772020568,0.2008118905878945,0.3332326565733881,0.9804920897985562,0
0.7270535512405639,0.0900373857667151,0.2557985444372675,0.8250953018626572,0.3300609962749306,1
0.9013002362377068,0.1135848331631094,0.8478803445764245,0.1677140913355463,0.377806949707597,1
0.4089662926913819,0.473817716560317,0.7409658029202701,0.2745222726340267,0.1903172478901672,1
0.3964038251920052,0.5837680904036364,0.6312562020229111,0.1784641148989775,0.524681966186647,0
0.2084850356086975,0.3916560007012047,0.3958158623395991,0.9932284078215118,0.1627692318690577,0
0.1371289293630623,0.3786106109724547,0.2520981422307786,0.4327143618451499,0.9325898174423,0
0.366083452161083,0.9418023298366656,0.7735381107349444,0.9628034898407408,0.1068096207521299,1
0.9692227575955584,0.4758843592815679,0.3040825052812742,0.7078274380185458,0.4280137956001612,1
0.2427788559698255,0.9202358551372604,0.1306835796418364,0.378690765835333,0.5167689701266548,0
0.0552456257431375,0.011937427644089,0.9463991601411385,0.0252329189445172,0.6281261081218956,1
0.7723694023926329,0.3574642251240043,0.9537759286621929,0.4118919572075732,0.6042770146383111,1
0.3925164826002046,0.8036079750381196,0.8541202320215708,0.4367462198187023,0.9059659877095834,1
0.8662523315496442,0.6387168176326387,0.2609248290378174,0.2147642798585897,0.173636334841111,0
0.2159256972377666,0.9029825175929443,0.3960000565823144,0.0888001651441134,0.529849123550125,0
0.6697483916961878,0.8912948166266997,0.7636377088363404,0.1465715149241356,0.9352373005226384,1
0.4532927542291938,0.3570216653840682,0.3140719189391929,0.9172482186218072,0.3343517851100989,0
0.2049093962489336,0.5716356687058243,0.778414025634992,0.7495309403470333,0.5977451856919253,1
0.9867350859256114,0.0988190534395009,0.5042188425814509,0.6556198695316847,0.8795996872086399,1
0.3693354709540093,0.3994113117984076,0.5794967500215125,0.0957604041810987,0.593822201280667,1
0.2312191297639197,0.7752368660818465,0.962011005496414,0.3138239942826216,0.5778725654795942,1
0.5863200653086845,0.5527567432284268,0.8102316841500872,0.7039218433351784,0.4312526132881622,1
0.9268151746986308,0.7668768886167269,0.1157624647233206,0.5272764449190853,0.9061146131507484,1
0.9674893853823696,0.8985583496568522,0.966309274916248,0.1500703305387234,0.1846951769270242,1
0.7305037028072089,0.0755997882726299,0.6080892941842133,0.7717737816305089,0.5248582834788902,0
0.8536691404203338,0.652381978930308,0.5220917115863024,0.1615352480890864,0.1347096114307335,0
0.1800094576746514,0.8040914822215631,0.6798323308560543,0.1734110200779378,0.5507868022761238,1
0.3723876573660901,0.9309313467850951,0.830292454869675,0.3468650075881968,0.5304894418423115,1
0.1068271472603807,0.5859460493482678,0.168738106107703,0.0961360428654609,0.2287116739671952,0
0.0850957149977821,0.0089219740835043,0.6884545171684189,0.8729213997453281,0.7086768303288054,0
0.0509867640334041,0.2545821421273082,0.9766044265654632,0.1917523403782317,0.8902462529150381,1
0.869580764677436,0.5758120535555363,0.4421003070026325,0.8326106544794122,0.0048043857425581,1
0.4463561336048859,0.9729598338231414,0.7984369790703204,0.7237264183442567,0.245473006902722,1
0.4492868439778514,0.6360143394971953,0.3199584337124734,0.9001221899438118,0.3530537450570522,0
0.3422616159404844,0.1385580985430192,0.6879132928365712,0.1732575647193852,0.5120363357067518,0
0.8957288893295682,0.4229745166944033,0.6985122341729196,0.6615151586283237,0.586541348747925,1
0.6494434668835357,0.5894147781528308,0.0522085218523616,0.3672313812893324,0.8000683629440158,0
0.6718453786251749,0.6550519899106698,0.9506536738190964,0.8065795757222908,0.9648925873874024,1
0.7961021680790361,0.3713188308779415,0.2012235149533434,0.2844589636387166,0.3533485795399761,0
0.0509530047501837,0.2515175367376573,0.3351379527133137,0.8566272365834107,0.9308052152568318,0
0.7572780516875294,0.7018973956574296,0.4461057075660739,0.8635958647794262,0.2315436613887384,1
0.8377983438341058,0.9230895828421236,0.8455772847344656,0.334603992299043,0.6865917931807902,1
0.5462902211684043,0.7126203109238042,0.3119117226776139,0.1807235587688843,0.98233503471033,1
0.5959836630032668,0.2166943419434419,0.0089026824987218,0.9333329347613282,0.0121365620405691,0
0.6051355824577132,0.5849967879229698,0.5466705114507046,0.8307160156508993,0.187030846793222,1
0.2413245617334146,0.109587987284583,0.7736995566100132,0.7416190912302397,0.08149986887196,1
0.2712680548243259,0.2082387922033802,0.2685052370882189,0.4675449040565816,0.0752456950786244,0
0.5928194414094151,0.7773187393516405,0.607838798703404,0.5415789339274502,0.6881912611340689,1
0.3002416679099633,0.9630169450725298,0.098096023050284,0.1307182966603897,0.5185486521609657,0
0.4555664352803957,0.7306718742866402,0.1058632683210956,0.2499783655933434,0.9233888742592228,0
0.1293109623943988,0.3429754468068744,0.4899489313255085,0.9840314119843316,0.0382969358227262,0
0.6754822829227164,0.821540125599136,0.9523168795334735,0.0776284825247923,0.0542598202362099,1
0.2174646347342506,0.2074622566366725,0.3146261579125687,0.5817918038691049,0.0895574491664297,0
0.3273819685302486,0.1351607729604714,0.4553981291856586,0.3224311157586692,0.3248381780869134,0
0.4250391234394253,0.7878614159690823,0.1740365739828641,0.7763605752715258,0.8013934987513204,0
0.1501943267344,0.4185093329923747,0.3437306509624329,0.6434097728990406,0.2247913111369402,0
0.9585846460395278,0.866986360559808,0.4007162214551645,0.8099150247193337,0.2955731876978474,1
0.6906790900277588,0.9267489944130278,0.439295845252024,0.2986838392332576,0.8662133370436101,1
0.5175504118903469,0.1589884246405811,0.7803378094272471,0.2525880061921026,0.8439329361169352,1
0.2325176145256784,0.0706353500263777,0.706842634114891,0.5873934218329718,0.216065720793013,0
0.493903558564696,0.2810359807299072,0.592335978444578,0.6958908575546795,0.8304179629018968,0
0.9380512757710396,0.3630842026466122,0.1920840057889294,0.7928582555779297,0.5108358105925148,0
0.2568988367514307,0.3054502904833072,0.6792879366134271,0.8455367729689334,0.1797971244196616,0
0.1532172437376219,0.8472412167244228,0.3608912827633367,0.7095357006659311,0.9081184366374452,0
0.2595489355493368,0.5340527012136161,0.3807964964783338,0.4516118918443988,0.8365513898591714,1
0.384694164752254,0.4012696121538931,0.3518460167689031,0.8272516758838497,0.8339894736468703,0
0.5638430056196599,0.7840372305106645,0.1056372363815122,0.5341473679115145,0.4864538792463362,1
0.8678331721778956,0.5427787721727382,0.5293918054058961,0.6753623201468006,0.496023234610326,1
0.6619474625018018,0.7621408861513507,0.4574985702155939,0.6493041680643454,0.524828403645062,1
0.1222916108475765,0.9066785390591068,0.8749695304930338,0.6186634390636017,0.0834776655058099,1
0.1264268254165358,0.2885291443791785,0.9189341325244244,0.1922148248040756,0.7324816602564279,1
0.404632786155134,0.0172087766653268,0.1277807251992843,0.2572254948185742,0.0626747685096209,0
0.3953793681406495,0.4772377150384437,0.9026619877024298,0.3410566289087631,0.4229351147356883,1
0.8313322357327704,0.256540781926209,0.6527752443848758,0.1163011775802995,0.9259855995771076,1
0.0544615053942884,0.317161008139614,0.4216000938043478,0.4885641667505397,0.0197903530093064,0
0.972342732326104,0.452262901574753,0.9946178515286138,0.9859339803044448,0.0659732745955171,1
0.9027132997503836,0.7456015156755534,0.651883025506654,0.3917798411225696,0.4484317180205546,1
0.1150660986699535,0.6278258359299952,0.2116041407239217,0.0425309813120244,0.6325325667603074,0
0.1819526977658304,0.6880572083480442,0.3974483886971638,0.9012908686551754,0.3601052734819371,0
0.7023401021057059,0.8806144550356684,0.6472034738971473,0.965702604799366,0.0617234971310064,1
0.8783286172124478,0.1484205455214113,0.108940090900598,0.0041151682223448,0.7792359534223574,0
0.8082986128538716,0.2840478530037934,0.3694572858952168,0.9858513933593984,0.6292996639622424,0
0.0683924825099842,0.1070257595174002,0.4136218138245667,0.5091058861844774,0.3318116016302287,0
0.951323347670012,0.7653703742111022,0.3166131717389326,0.354014476034998,0.7731544565960089,1
0.9303607894236176,0.0393640828696169,0.3028636203750023,0.6195627104864316,0.4788542733163289,0
0.709661810249847,0.7392241765981569,0.8219466011152661,0.37031741246019,0.3343157874890442,1
0.2567830534874146,0.3044900702153311,0.6190175641576307,0.9924946800035666,0.5450863007864638,0
0.6961903662447524,0.4547523966138007,0.3700863156964009,0.2991517630889612,0.8018872450011325,1
0.9571278306275708,0.290588655360798,0.1575853312829565,0.6303822394447134,0.940025587795691,0
0.4910317649753203,0.0660408766812296,0.6652198576765291,0.7512269928652271,0.8273917734644772,1
0.7901452497874858,0.7879931238762307,0.3678256187433545,0.2304262154011729,0.8340455974768917,1
0.5524209217430073,0.9114730633381786,0.4702175818722743,0.9460471856978117,0.1594034540574511,1
0.766873026507599,0.6889970540675586,0.8882795243696927,0.6657416755980385,0.1116390037477619,1
0.9207684053877084,0.0692952685075012,0.3150531841534081,0.1487999504978306,0.957763579722732,0
0.894559006896333,0.2287148537213736,0.1625081172383663,0.2769786745975584,0.5241956048806506,0
0.3041138803032939,0.9904615871527314,0.4268861335164398,0.9667699673855058,0.6728066319780927,0
0.5524247228122106,0.939800042474026,0.2911983734913798,0.1189660498768164,0.5113781681337968,1
0.62177181876357,0.5341572267183575,0.5556823336534445,0.7414104125582246,0.4053329422283511,1
0.8600759433974011,0.4745866231220177,0.2050000316121513,0.6942845191755697,0.9864113468466168,0
0.6358529823461272,0.4839163333419026,0.3418635204978558,0.6967968838354583,0.063590688830727,0
0.1321881098509686,0.8536055407208831,0.1117132211224304,0.4470589858795384,0.6924987153242241,0
0.5311230029341514,0.7608924512301485,0.819879515372652,0.8007157037646033,0.5772894729930264,1
0.2745555546584701,0.3241288620678545,0.9662262053695684,0.8722333310350286,0.0475802216326128,1
0.7587097367162545,0.694064229734628,0.3397082502588068,0.0775243371450055,0.2945527689506237,0
0.6814518332267073,0.1367765669897326,0.2006072947793243,0.1116971523667949,0.7386779947790549,0
0.6657156192631405,0.7598555148310094,0.0991796795473154,0.0479508500261787,0.9059888054288774,1
0.0338112519251874,0.6986651872706527,0.9191017464095828,0.4180578896903,0.9952771776004732,1
0.90046973995763,0.792623855980281,0.5567533331945607,0.90099005124997,0.8243829483384751,1
0.1344416664124217,0.597991940533439,0.4481800046358966,0.7783673298678939,0.5266244703001316,0
0.436493390479582,0.8346620945767685,0.3761049908396385,0.0570128421491963,0.2647094663133147,1
0.0207043772414597,0.4626147113376841,0.5907281682746572,0.9271335035555852,0.150378561341721,0
0.1161136072486523,0.2969278901510462,0.7420843149101448,0.965867391279918,0.4763381186890018,0
0.1062387459567666,0.3610202027154259,0.9891369444997812,0.6439752354852349,0.1602090821571142,0
0.7183320962341272,0.3420505406561419,0.3200686731972886,0.4751569254809883,0.9381872370197274,0
0.4638237138955083,0.3394160289424179,0.0146304030860213,0.7835983720436425,0.3074090367855634,0
0.077264521671612,0.0072736323021921,0.7274471657065585,0.1032659063297385,0.1585157006289934,0
0.7925316054637567,0.1523597097336192,0.5153356862328389,0.4103242962769883,0.206200149756917,0
0.607812831318241,0.8792880457100823,0.660039117326209,0.2650190483570243,0.600000519926745,1
0.903919717111485,0.5875433799773931,0.7099085098692433,0.359466689500447,0.7866779505060018,1
0.6838450355739759,0.5034477944591074,0.2461422519607308,0.7534308697076719,0.2813178014714278,0
0.0802681339269715,0.3311803055774988,0.991875340208462,0.492049964049113,0.9546711972911528,0
0.5448973419956262,0.4453839923068674,0.0711975484981813,0.1120337204333774,0.8055030288554238,0
0.8233705627912429,0.2440752005453053,0.8304425032054545,0.1394936879553059,0.2148022999310448,1
0.3123255984200245,0.0230271050843284,0.1580869719273888,0.6442695508287739,0.6481175017277837,0
0.8485837927858775,0.5462145428183058,0.7056403727243991,0.5726060296897653,0.841255590148314,1
0.7029593681424114,0.4735302613334267,0.9097798976930312,0.3725353862199853,0.6767746793217221,1
0.7166817968147843,0.9457118654698958,0.0030787828477104,0.5874511765104601,0.5260156647647941,1
0.2314470630345908,0.7182778987310557,0.3632828925530447,0.1402775154181812,0.7401757649039409,0
0.1492776685089074,0.4205476442022478,0.3341307450462806,0.0116251030392363,0.85068462109158,0
0.2712620687442125,0.143332327821634,0.6266384644960195,0.5432999309893745,0.0742253168173509,0
0.1677532937558623,0.2426589062989481,0.5582412699714745,0.3180312679554713,0.0968076077326153,0
0.7551053817579679,0.9968591228699014,0.9303302243092442,0.574146922898285,0.6436970806109228,1
0.571437198355393,0.1012218058600349,0.2557303616688063,0.3907749274115464,0.7780201901441359,0
0.9962827470889416,0.2818930561851738,0.5736916177054098,0.0949234222133336,0.8834263938956572,1
0.9911159863436014,0.2805492757806167,0.9024091533389056,0.3156718280511114,0.0354560160427901,1
0.7665258794671621,0.0486046444956154,0.1551401797821257,0.5430971890163888,0.8596474032645711,0
0.7085463236811345,0.7868713802075791,0.2397642656826217,0.6942277359184199,0.8971607240562006,1
0.5655294653930495,0.0974145939423806,0.9653677886754553,0.8845436284088714,0.2904684588119113,1
0.7485281390219497,0.3362176386094643,0.7947100926932027,0.5562852879955369,0.7896600980674954,1
0.0101975004943253,0.1256529755231067,0.6705112543969781,0.789440937995507,0.1117324585326973,0
0.0275205249658163,0.0191336772053275,0.453824290615711,0.0895240842955383,0.0233203175762094,0
0.9212467155145896,0.2158217793531771,0.3266160848257315,0.47048888444309,0.8254652229812484,1
0.1823102873795189,0.0859934599925392,0.2558831457682022,0.1369533798980017,0.7275630356595614,0
0.9353425087162844,0.0950638093831144,0.7027659882385261,0.4087733725540159,0.5116250087434432,1
0.1378878111225143,0.0409266532770334,0.5574196269957133,0.9922534636698254,0.4877197611789842,0
0.362191853425299,0.9461406171174238,0.1936199775521904,0.4477133697467806,0.5283975543645122,0
0.2862823469777829,0.8340156011764785,0.8529533876319783,0.0633801654904596,0.1141417694622406,0
0.4097406374856314,0.8256368172119326,0.236985135840577,0.992211635169795,0.7759315034696942,0
0.978856615594308,0.2328480809932632,0.9995147352243966,0.5588231649199346,0.4106421755003666,1
0.2892141264124493,0.5007414222322377,0.2850692891734623,0.7615650464601315,0.6723432959859256,0
0.8529808209023263,0.7377844498556636,0.1651706612451408,0.9110279443129566,0.312944369955882,0
0.7997362466547171,0.2455060331530982,0.0804858513491043,0.1600265480748486,0.4534834044983725,0
0.8848713112186095,0.3819319879251974,0.7590121256110758,0.5848242429898998,0.2908874731791422,1
0.1866970095955276,0.8762341700898337,0.3558077135196066,0.1222849720376311,0.5476572796169694,0
0.4963279130278741,0.0462159674881673,0.9266444696598723,0.2089153966601237,0.0631566046814741,1
0.6445850622576098,0.0744207634235663,0.9022251707220568,0.2924198026495523,0.8263725611416795,1
0.9118962254342504,0.9589704173911918,0.5873201254389682,0.4120494715394485,0.1386912587841832,1
0.5114947157605083,0.5705326890978485,0.9031424117255932,0.2514229324956918,0.3400408859486983,1
0.9085249248830132,0.2635886915011225,0.9596072510611752,0.7045571660511143,0.7268209378779804,1
0.2673383294908558,0.5344569643228264,0.916916898744454,0.7232502833825164,0.6241846745304511,1
0.4314259040562289,0.4608189341660339,0.7661136531761689,0.5532349074719851,0.93307524195559,1
0.7170740825409256,0.8405409161374606,0.4946793852359039,0.6015959297695924,0.0460721072448123,1
0.8542320237985391,0.2014908158468735,0.2792990229666147,0.3985852386181469,0.1989750987057691,0
0.3579664771163475,0.2687884155870965,0.1552200575064281,0.7451966637622868,0.3669533846682938,0
0.2300544014272059,0.8629046535699083,0.8368918679187525,0.7003414143687794,0.3751754315684954,1
0.6486915146055877,0.7147231947571443,0.6709118935261453,0.5475475418415854,0.0054062961258559,1
0.4726485384314349,0.8063061347530313,0.9559306368035402,0.8884030355369869,0.3060653092303473,1
0.146333421483044,0.0822119486556747,0.8796717181053109,0.8500977338884402,0.7733088967086855,0
0.502239412352641,0.0620270117912985,0.5087724887194234,0.667336072888793,0.3963494138664852,0
0.5204791765993464,0.4669234706861641,0.6026592965466901,0.4154927105630479,0.4887935182215611,0
0.1988237094631394,0.6118188131268332,0.0920227174057919,0.410349993589472,0.6878455565915327,0
0.7654387563184551,0.7317673057622217,0.4988471880466523,0.0702382538849691,0.9276632172899192,1
0.0382008021966089,0.9915511491980192,0.1947548123506542,0.5913619511217638,0.8830944156251748,0
0.8225957150630104,0.7190361009658564,0.2670691110554003,0.2747020967259289,0.6420934924042994,1
0.8701529425392318,0.7885726296620866,0.4371144235703019,0.6530461052378852,0.3779005300698589,1
0.3961152776709887,0.3417134878614712,0.049545043917928,0.7878979635866015,0.1299473889397091,0
0.7063807245602326,0.3264990175631007,0.2070526190018976,0.173496658925267,0.9455546445535272,0
0.7980445218983685,0.3382790596034,0.6935193550421769,0.5548889666884211,0.392476295022627,0
0.2398347535793017,0.3576115096261217,0.0089286383050536,0.6813425437648837,0.1868019151193783,0
0.5152650287037001,0.586851296723089,0.480205773198096,0.9864738250512964,0.8118867219777962,1
0.997166159276636,0.3505759329669442,0.2800601614809046,0.8169225542027279,0.2311689511022796,0
0.225014304731222,0.499342179167945,0.8865588684944378,0.2073457615913871,0.9149486940598568,1
0.7662618531456517,0.7601673400829937,0.4358040556995897,0.2395022526955827,0.2551152378515026,1
0.7977377545604342,0.6267934495792591,0.3655341784684177,0.120687709157378,0.2499792197255594,0
0.9809767297763062,0.2908346592134384,0.4619527112457671,0.792796113780971,0.7444834027301893,1
0.1294743656168436,0.93014900128692,0.985206706049582,0.1388157791677233,0.2344912154081245,1
0.1725660937869717,0.1740435046384131,0.1823162714941113,0.8208882194778281,0.4760320808534568,0
0.8507710943510502,0.0632540072484534,0.0900464453543771,0.9735062840254908,0.2491177761606005,0
0.0438759533216749,0.1085671116666421,0.8748101843560473,0.8274146153234784,0.0834682988610477,1
0.107213912741237,0.1636975069322759,0.7936964420652671,0.8253033756589665,0.4155359517251304,1
0.7063742273099459,0.4599553579104238,0.8442459754053496,0.5703063981056871,0.6524399347101129,1
0.5417747300377349,0.417197588956854,0.8646711501821154,0.5451421412996211,0.4866109026218927,1
0.7423868368209322,0.6051526324109373,0.9347515902127616,0.064640372431016,0.5835887031105219,1
0.3045393806738825,0.362934643492708,0.8154498147581672,0.8012232202496414,0.369796082608739,1
0.4110709422582829,0.9495997482639468,0.2069868654074135,0.3434822788034151,0.0122108249070527,0
0.2916155831484183,0.5100418195626077,0.5743975103054648,0.470183445261406,0.2517758660353701,0
0.098763664492291,0.5160689683569092,0.3487366847283558,0.9847274412078229,0.6766226360558268,0
0.2472115007289842,0.4355392247358103,0.2249958127535626,0.435752390276872,0.3434906568600998,0
0.9679598497259876,0.3166194279865866,0.3512301966841353,0.9346018288511788,0.0810287358261034,0
0.2963004681136226,0.8617301956241159,0.5120611763312739,0.3517317514758249,0.3076851627336139,0
0.9280833874209542,0.05138272507188,0.9027040265626926,0.3222173269016001,0.5231011785496954,1
0.1675904848598673,0.5434089604504836,0.6739202388280726,0.8453620238781204,0.5319107139280768,1
0.5180672901258776,0.0767492709035105,0.533887761421886,0.8142381774799162,0.4369062997375573,1
0.87342585212704,0.6746539257237165,0.5184554543049175,0.997510534902026,0.5567114561162436,1
0.8998329966159151,0.8137649452237867,0.5717747739741924,0.5913152788976436,0.0381585377690447,1
0.602331174693189,0.2745443924581321,0.272195491243038,0.6437075521560729,0.6232293400020847,0
0.657673126019831,0.8526284865124731,0.3930312715216787,0.3352296163213082,0.9522512723482214,1
0.058030005912668,0.8711353227831121,0.7954025582248928,0.2853907754634289,0.6239890186747891,1
0.5575376048101044,0.3560634582186317,0.2397006336596832,0.3238689849252579,0.5816931524787832,0
0.6105863816501123,0.4418506734807224,0.1671429722186983,0.8596055630411132,0.7940541716487746,0
0.885129938544757,0.1547968575112838,0.5169278652914644,0.6977609520968863,0.1429790632299905,1
0.2270201829492281,0.8293412320887334,0.377960764143551,0.7401028529067335,0.1714664536758272,0
0.9318312623231192,0.613956203114415,0.7512696903981086,0.1244487944372576,0.7451698295615294,1
0.221263840465358,0.0956121342124319,0.3804511494283525,0.7515018047093878,0.1194705484237719,0
0.3685467007736644,0.3910160594735444,0.9182950702821072,0.8822172455666607,0.4826404578195775,1
0.718300608315793,0.7959438235818287,0.6992027838389794,0.7827758136828642,0.81422239007202,1
0.8228183112604184,0.3902235576511886,0.1963746471126584,0.7761367943492804,0.1457893815416029,1
0.6093508743378351,0.4228054384423262,0.2629676269849018,0.0919056334246373,0.5222524822787299,0
0.8485015382807187,0.5230541675110768,0.0355118371417144,0.2630982905339847,0.881182421587087,0
0.5192168300543846,0.34580313488208,0.8585337222947693,0.9624056744305168,0.2762442474233076,1
0.5562844640457378,0.1304435341502912,0.065579753940676,0.1597494760194852,0.6765530564456284,0
0.34878119338762,0.637286406138675,0.3171281062479204,0.9365676229934652,0.506455605193532,0
0.9870146604457662,0.646985490863812,0.7301273371742006,0.3714792402631376,0.5303986110332264,1
0.2014048498312873,0.2047430891293404,0.4286410854138214,0.6380546755446347,0.5818196332693846,0
0.0075849620182487,0.3895130446510776,0.9718282123796358,0.0768736229868519,0.9966407266153288,0
0.3201526338202372,0.5994990866943729,0.8990148793076632,0.0926703317154951,0.5402253767486757,1
0.0089312256098553,0.3279979493567421,0.9189847090464984,0.8265933958631421,0.6403576346425512,1
0.6122318380919942,0.8082584189250402,0.7354915378912855,0.4619071121482379,0.6818504394473659,1
0.7871546766549541,0.6647805199537958,0.3845316137000611,0.0038781167707965,0.2787416641723235,1
0.3826511694568997,0.5919943362488438,0.7511841994721216,0.8498720533260298,0.3700910331781893,1
0.8216239025855822,0.7631947774608259,0.2369740250591601,0.1425860100859566,0.5757117656267308,1
0.0108985434114351,0.118916857780551,0.0766038357980468,0.0517151035499505,0.1867283393308467,0
0.4357198967928353,0.4092606655445163,0.1928511168069361,0.7255737935518887,0.4521278469264806,0
0.3190125886363761,0.9410017816477214,0.94175061044549,0.7504312502467984,0.8309329276440544,1
0.948442073121479,0.8057904665162146,0.4348283552732171,0.1048540386217028,0.4393599978786087,1
0.3585945916668379,0.8080277564042861,0.683533712105422,0.7798493533464671,0.1527895909002766,1
0.1362934904847587,0.0042659743522278,0.4121682885554,0.3929352901308127,0.1046467564400526,0
0.9679013010420704,0.3861093407629007,0.803681835720207,0.5295477879039577,0.769053651197338,1
0.3392984090677833,0.7786693350835524,0.7101343815052577,0.4732385615551456,0.6625329892014035,0
0.4866571002667136,0.9492200541917524,0.28264510234678,0.0072268228105647,0.7881006696112679,1
0.4202865636992228,0.754601509824195,0.8387164932380387,0.1657797849998541,0.3243902355871327,1
0.579620469815195,0.3163486391461813,0.1834946909990688,0.4631330668760828,0.629457891624805,0
0.7071891622745335,0.951640780837314,0.561691050447305,0.9322213335439123,0.8013425609361645,1
0.2255111301422439,0.7193744976145655,0.4174131204739825,0.8778826339047641,0.1140844886219135,1
0.6070982422583934,0.8260524411247832,0.5514573595867167,0.7580768768139002,0.7636574613503171,1
0.125927911766119,0.1424631094223361,0.787030871187487,0.0681299178268548,0.2702808821089094,0
0.4647809442296414,0.5150843280249097,0.944259202304224,0.7839497712823814,0.9691088585404652,1
0.3762617410435016,0.9834346633205262,0.3898558878838409,0.1309836364646315,0.1116156088979231,0
0.7088512529191541,0.0095074761523287,0.7405329755159481,0.0689051738633186,0.6501675653456774,1
0.259733631261462,0.0468706529121543,0.1830946173528923,0.7477828897174053,0.13963025368113,0
0.231841393646331,0.6332237087120061,0.0687364332506269,0.2381251358046677,0.3035692825500495,0
0.1122139052578553,0.6161976952797584,0.3145343837023746,0.4884526034354944,0.6772649210195668,0
0.612216154767456,0.2027009159154725,0.3586001474889774,0.6032366258573726,0.3552240315830965,0
0.4205212634509555,0.668207083332155,0.1338347775689085,0.2310390177675475,0.6202209953133233,0
0.5810654322636677,0.7205957152359688,0.0266983575821615,0.7958345496192694,0.639194125760409,0
0.2985086476586207,0.1566630526324044,0.1175997238828496,0.4335707254821093,0.2844806051262379,0
0.6520101334771995,0.4126696876150898,0.4377783656514403,0.4668114988426294,0.3620880456530205,1
0.1746619650682572,0.0027578668221406,0.568668181282815,0.8970201315558448,0.2468362516006815,0
0.7990703251964573,0.9531806583533208,0.8583960478992577,0.3269854688664103,0.5300473982979578,1
0.4986279746243396,0.0232368280819136,0.8935104728415285,0.6534409643486054,0.9008156799264734,1
0.1300193802480599,0.0882770861418855,0.4553081153030399,0.2517745539264312,0.7779784336844486,0
0.4451583537179934,0.3424055940109342,0.764408319392026,0.6669233288521924,0.3531164121092661,1
0.2267909948808817,0.6656411269255748,0.2343388883628369,0.1666116073994985,0.081159232462205,0
0.6834279126482226,0.2205754608268325,0.423231951291606,0.7604665586080087,0.7435735928953753,0
0.106663600510787,0.8185172069430642,0.1145855456197847,0.3006494854314002,0.6661242183573058,0
0.3127525609513116,0.5113754812468781,0.8011303155098172,0.4606627412332804,0.8692201627705343,1
0.387652011073117,0.9525373740986456,0.1387915041325782,0.1708033771918983,0.3131865819845838,0
0.5726434259152918,0.5347772314388809,0.5144475784478196,0.147028930230281,0.0827580682153511,0
0.5407022856496576,0.500341604269315,0.1484249997903912,0.936145058450758,0.1712916927344542,0
0.3591492279920298,0.9314139410919848,0.1515959756073779,0.5659042401624182,0.2534190183357915,0
0.5094494046362698,0.4153428875946818,0.6891008262109576,0.4281926534787179,0.4870613499421125,0
0.6889527600083722,0.5248687005271091,0.5248447644774286,0.653725173830698,0.4698108548048747,1
0.8990676196240134,0.4451426725708427,0.5033993846074468,0.6295809499839594,0.8014142279227155,1
0.6119511663388074,0.0157092138248545,0.8119656179482184,0.9405938611073296,0.3841674552423506,1
0.1255224008016987,0.3769158475885612,0.3091030774812016,0.8162432439605852,0.903722022532868,0
0.6678307657704504,0.5897323397397405,0.9642664460858956,0.3808591135459809,0.8305026955839625,1
0.7323105875648498,0.3193733987434097,0.105566093175539,0.9420964080970528,0.3082710207272571,0
0.2127000785404676,0.5130357495269887,0.3029659823019401,0.6539285184765866,0.034073106138868,0
0.1840319448740774,0.446532599130359,0.0462756521419656,0.6029321593350412,0.1980550778939571,0
0.5993462786024155,0.992130482609098,0.4388558641232384,0.7679464734124117,0.6716282361435173,1
0.7057830927225407,0.1026608190853842,0.1366531530931308,0.623194087393611,0.1235052408939828,0
0.4915707274710741,0.9613115464245864,0.0620362894504222,0.0593429567461269,0.0501408139876226,0
0.8881597827899881,0.1598503043791763,0.3264676268988998,0.961079784342017,0.7190196138983754,0
0.2939165749232822,0.8993940130582333,0.7259087939338507,0.4424816669242282,0.754797756180497,1
0.7574536895706975,0.1110613823968752,0.8930157953578025,0.0538689610459877,0.7286066486703247,1
0.6656134154891084,0.0990642029500119,0.8032426150319011,0.9734111272923296,0.5020106323331712,1
0.7022513538911411,0.993388132752262,0.8903876684110463,0.5162061687395929,0.6989249694733848,1
0.0269464525865411,0.070351589933144,0.6929898074559514,0.5566225555278819,0.5299711278204081,1
0.6607028462910376,0.224166396932651,0.2906171039912093,0.7600745250431856,0.2529771440635485,0
0.899745367964321,0.8594100857538123,0.203612071894358,0.604155286626489,0.3180953239017968,0
0.9482807898217596,0.4934460602070568,0.1046474832180109,0.4533898754815926,0.6305271949366412,0
0.0110867941471783,0.77112682925637,0.2950425908593811,0.5406577647493171,0.8132748236236501,0
0.7787567126149768,0.7827566796312059,0.8266369508512683,0.8170345188115554,0.9397343513471936,1
0.1757296032854957,0.4426423142139658,0.7242580718499466,0.1309276034272236,0.838388724791918,1
0.9589609622613916,0.8204374327503227,0.7965454785253251,0.7168771740478258,0.606243577491298,1
0.0082814967760161,0.6542095210307042,0.9014332913685252,0.2119963026279132,0.7590633764587127,1
0.0592974788381116,0.1916318041479453,0.6483301848764889,0.609014191813165,0.722172352529474,0
0.0202580268950043,0.7416210464731884,0.3470121749052576,0.0437012767240247,0.0486946613462565,0
0.8773183750064798,0.3005250715037953,0.8827957663531274,0.182207247684517,0.5035276389110274,1
0.6379117372110322,0.2521405461956258,0.8813364264205041,0.0106074787878965,0.5751998732020712,1
0.1503659949857491,0.7033460346671435,0.4166712888957861,0.8927283542298238,0.2123045002202449,0
0.6789985227364868,0.98567161454422,0.0244050085374567,0.6407770348431837,0.5782335408536142,0
0.7621844652629183,0.4567492589145298,0.9014610058943572,0.0187520802358918,0.3759594918600003,1
0.829330556917837,0.1696558858939775,0.5999010600510162,0.6004181596111391,0.0718313742119192,1
0.3936190890876256,0.4299687937404464,0.7232799606702875,0.7177863243188519,0.0993330191497382,0
0.8479461789688948,0.4526483239483416,0.3004174673158287,0.2913130533337807,0.6111552378295432,0
0.6059891923303135,0.403968010178913,0.845447550070188,0.5663438476798013,0.8048764150891873,1
0.586328452168008,0.1728241123215896,0.1748605708159674,0.7767281551350388,0.5611412837166567,0
0.5787444838966267,0.7094261921145864,0.4225060367567846,0.989696024080739,0.0598477828299264,1
0.5529547403970891,0.1761138610408293,0.201730153854483,0.19105523663159,0.0602283596321449,0
0.2668975705404401,0.7119655039894658,0.1746728480374408,0.4550208912236507,0.8624503743615328,0
0.3464316542592792,0.5250661459735506,0.7781348273055158,0.7086486818008996,0.7560704316498206,1
0.93179968045744,0.8144853744435587,0.9806296905723216,0.5287479367010061,0.4273489815890779,1
0.724533613433257,0.2167685840784865,0.7035145762934467,0.0869176340648808,0.1120003514284008,1
0.0726380860442608,0.4940537369740487,0.0702887654735862,0.8223426412063286,0.9051892489993966,0
0.3669586770782607,0.4867342232456805,0.7338103210296847,0.5430110645029468,0.5451968523437517,0
0.4907065357892763,0.1294453850413288,0.4888035764910218,0.3201155413616136,0.1638900398085317,0
0.8779500890450149,0.4897725617929154,0.9904987743230852,0.3220671146157093,0.3789932994483953,1
0.5331801087534475,0.5206992104920188,0.2336297471714499,0.4767758836556696,0.3650793041792677,1
0.4879643789901918,0.3976914393269968,0.8872385830998971,0.5741790859225812,0.024331949483598,1
0.0330022658024109,0.4044762381365062,0.8740499601205443,0.1910900764747313,0.7437242609600417,1
0.6894583293985297,0.3034708831685471,0.4959808244271779,0.3572741410640107,0.0182208634404054,0
0.2539631896754601,0.0547715462795882,0.7480779506838406,0.2108702785205797,0.1872852165517169,0
0.0917456241440698,0.1721253796786404,0.4083473366905322,0.8426094305393959,0.7799340694722102,0
0.1678842447087064,0.1932168625646406,0.8048098522841473,0.0235240496953591,0.5941199280167923,0
0.58901317407214,0.0442711553490079,0.1567770696329252,0.9481328365213808,0.3151954401894855,0
0.4137844608520994,0.4461027966583553,0.5347505338851462,0.3563002594076683,0.2069789098353595,0
0.5738991678644852,0.5239629382501991,0.7884394798744766,0.9511246541043324,0.997841430625525,0
0.8563448480535857,0.5428849634693073,0.4267014024488178,0.7676667799586077,0.8698577847624283,1
0.4132140577911173,0.5477215839123704,0.6802312295045106,0.984650913439262,0.5013385261599462,1
0.8809310406074091,0.7870434616280757,0.86641734963829,0.6360493520279641,0.6802889413753215,1
0.4139272160395649,0.2855718854771835,0.7287355659967496,0.0277313997194376,0.4838026495680826,0
0.3972264936831624,0.257539147178449,0.223619237926813,0.8810701357469243,0.8578326416172866,0
0.8240735674840998,0.7317711626169019,0.4807484712154741,0.2912155568682317,0.0437597010244712,1
0.2602849212412729,0.3234748060311658,0.35650199014019,0.9220353893274548,0.8039107558754789,0
0.5007947955992711,0.0673409838342293,0.4878221823711225,0.2560876018154384,0.538691703641467,0
0.3442514393703743,0.9176871592342972,0.7366451356368473,0.9564137387810614,0.7573550897138583,1
0.5239831706695972,0.0817754836887251,0.8906687159201441,0.3310378416107362,0.254411648307948,0
0.8251913303103614,0.4587141074916276,0.8791287347661554,0.7189470993850747,0.496946447695994,1
0.2400751616618466,0.3654032196258314,0.7161235886454472,0.8795490755320783,0.7045012553854013,0
0.2650217254553648,0.5371388403928927,0.3389878584046436,0.7000157363983304,0.5685554063259954,0
0.9307583683463856,0.872853143841636,0.3397782008898531,0.9531323301668256,0.955793996857513,1
0.3905920342355548,0.6216973523059611,0.9376158480092572,0.4578819510515445,0.6550990285850216,1
0.3691595055940617,0.1634055044940083,0.725593401218966,0.239923606165506,0.7827790598493726,0
0.9245619182090458,0.358535827411738,0.5620314327448619,0.3591133019113545,0.6115088512993277,1
0.5233108697420522,0.4859651860582047,0.9690588534774046,0.9271561397328758,0.8158747307940033,1
0.0390724190810006,0.2772332760197443,0.1462004838279716,0.4889518073486021,0.2348375748636745,0
0.2338740619785512,0.8450780069317382,0.8524102634893407,0.0936717212401424,0.4673694300641263,1
0.4173437594075352,0.1654863718673469,0.4499661823834693,0.8699933202556394,0.0182317387783249,0
0.3991613337272586,0.5432790367779531,0.2402478662960003,0.8676529421258997,0.8101551298121593,0
0.6442468034140236,0.4715959015865595,0.0025359606549768,0.6578224875819993,0.7262866121656939,0
0.4778214557680427,0.2798673320738518,0.8386317324963201,0.4954388718055225,0.5931291647652865,1
0.3547848360554303,0.5677330685965587,0.1497819812476249,0.8113696897849104,0.7655689900896738,0
0.3615177049285492,0.3367152734094625,0.2614385147967492,0.8850625788696593,0.375888581549651,0
0.599437759245804,0.9659467521589018,0.3318908999715186,0.3263392649953238,0.2594160376386429,1
0.284731807451353,0.4595878425296058,0.7678861924566966,0.616501794949462,0.2553949282461116,1
0.94465787733576,0.8535180993151074,0.4780971246153324,0.8057748027294227,0.831063853291702,1
0.1756704562820134,0.189342220286756,0.3938065202030103,0.5957398619602855,0.4403808601971423,0
0.9609919875593342,0.8966806813977942,0.3072664709587215,0.8017124873304684,0.0476149203377369,1
0.4747742322111525,0.9212049451436382,0.0302734326262829,0.7486886329783196,0.7262696007703475,0
0.899933710237851,0.9828650366351224,0.3756649922341266,0.9398622007276388,0.3156434189886798,1
0.2359260178097053,0.7611800530694902,0.3273092319404653,0.4068693349500741,0.5657501245617385,0
0.7383733153911242,0.1696607541734351,0.3307054291773695,0.4313597407395231,0.0613295205789253,0
0.7232417322099814,0.2228887638659424,0.4539194874537647,0.6623413115948608,0.174858234882042,1
0.0267505062770049,0.529511143881981,0.4281179181664899,0.3966391357551708,0.8677962092237221,0
0.617811507983977,0.9770040501895434,0.2939764408838741,0.3481858645025558,0.3159563533847558,1
0.2276840136433473,0.1646208945719942,0.3975851217907686,0.677873705874702,0.3121317486354545,0
0.0463970641058609,0.9071105562005948,0.3839044255674148,0.31130729886382,0.2389269318928234,0
0.938635486579292,0.8156744492182512,0.3572591679116739,0.6349366667030887,0.5383011898869897,1
0.0087399466667409,0.3501095139434216,0.6983889023008337,0.4578211894046846,0.6405277495531754,1
0.2089776562883899,0.4511290213458915,0.1424068997484889,0.1814114389049059,0.4458268014922985,0
0.3172389276698565,0.4574312937446249,0.2405693445540249,0.3704236863758428,0.2096144175747,0
0.9559914834691168,0.1424644058387245,0.869675980505589,0.4014550064601585,0.513942695786795,1
0.5388694142431698,0.1533091118015682,0.8909587266689062,0.8315162224029626,0.8531520103361878,1
0.4450147651631342,0.5017922235574125,0.746665656015799,0.8293572770880359,0.1263747386628583,0
0.7370820370933915,0.6782126454751385,0.2870181346286528,0.6976486624817692,0.9533278952841198,1
0.2233087079139232,0.3666607990751491,0.0372719241857435,0.9109771455626632,0.4102899369733201,0
0.0189135451171105,0.5195709481419781,0.135470044842817,0.8820243806037427,0.8431940322518792,0
0.2916923314575023,0.058528474399651,0.1233393504888586,0.2183984355724934,0.4580381029054247,0
0.8193055779042012,0.60606721224091,0.345444703029321,0.7032549837953259,0.8683360732465657,0
0.8786449202092375,0.7488065360831487,0.6772291747642474,0.6317936122685838,0.7349221067878047,1
0.2595098487634623,0.1145316865839393,0.7152626823882751,0.6889591631589873,0.5244971651859803,1
0.4747839877139662,0.4558395418773399,0.1588614462959785,0.5611751068321034,0.3672937105726129,0
0.5738160425903825,0.0782214025930702,0.4952758178390778,0.023717797504874,0.2794437043119804,0
0.2390965345446446,0.8625389941865332,0.1493646808954793,0.6245985165994131,0.4172126987618363,1
0.641473499083267,0.8276534108250059,0.2974875131779452,0.7810041690295347,0.232499652638236,0
0.583242957292502,0.8608460147997523,0.0159734006539621,0.686021368474731,0.7490838840797417,1
0.9250508670755044,0.4665932922918807,0.0994899074606916,0.1685435904339981,0.3460147826840609,1
0.7244333598825072,0.6325542700308527,0.9456994654786312,0.1690283744028402,0.3161065462635963,1
0.3970779966538559,0.614708012368195,0.5145769203761509,0.4500445765603782,0.6538318072619212,1
0.7181638416130196,0.5447250110657246,0.3226018976073355,0.5692749124285402,0.8702956954726861,0
0.8314736443091179,0.1861683989891771,0.622156109838735,0.1862360630908084,0.669945687298483,1
0.8057752630373879,0.2176391235751854,0.0549478172077771,0.1687442107415407,0.4881563270047269,0
0.676094795227126,0.2228912736199992,0.8002350863386013,0.848145722729749,0.2477385149005293,1
0.8178506221389377,0.0311020425798304,0.354629401858802,0.320655611595929,0.2031413441038297,1
0.6959190008510335,0.8046666428298802,0.404490910705266,0.1023527448511881,0.5831849775142718,1
0.5414344258361883,0.7996254043303624,0.1598378618424267,0.4058390904624784,0.6756441198305259,0
0.1957177795738975,0.062700188222477,0.1138140630343215,0.1597353669736249,0.0562603206413628,0
0.2141684213772144,0.77856755063149,0.6281086172382125,0.7942702026657358,0.092728700592831,1
0.2804033846991626,0.1971026153081873,0.9743476247152966,0.3242723127990917,0.9684523488984644,1
0.8388358855770361,0.4042383838375846,0.1065856750444167,0.9685334682627332,0.9263011861661294,0
0.3849353598671856,0.7064221027094297,0.4978717231877942,0.2919279141431653,0.9976862694182846,0
0.4315851002369059,0.929859700552078,0.0545462009430994,0.1735634968837605,0.8119677669746005,0
0.9429811372927868,0.0418301501689952,0.7953071545218143,0.9660052029938744,0.1948790091424679,1
0.8173198436849313,0.5378602509532154,0.0891873510781633,0.1336545654051826,0.6188834430454888,0
0.2944307808829158,0.7179232755056298,0.4408473727652298,0.2810382671709829,0.5007536456601893,0
0.4938782574323784,0.297586150018515,0.0644897318310785,0.3552576201230022,0.3033520176097235,0
0.8058381521729138,0.9448276114169112,0.5078057878397991,0.2029919845731552,0.2523409435931959,0
0.511674458866097,0.9971073713099612,0.9136748338633632,0.669676201725078,0.9830873574582432,1
0.1499174037303603,0.523651118248335,0.2508228333564909,0.2838380716787726,0.0636975314674392,0
0.3092008021222854,0.9387457347719316,0.7803638680191388,0.696883392050064,0.5350379301639931,1
0.3771739666254466,0.2108245458611114,0.2684613252940582,0.8123210246163454,0.6717400189771882,0
0.0144266903207724,0.1666357415215584,0.0704597712580028,0.183258103911899,0.931648482154268,0
0.3387923460356001,0.2134204886742683,0.0904855855766645,0.1948286778515446,0.16504482600082,0
0.6380312059921102,0.0396276012022067,0.6266441802436377,0.3040954282870057,0.9628596810620896,1
0.5559682424653647,0.4569800452937287,0.0918967059858523,0.8182927757543716,0.5930790691021979,0
0.8402704220768323,0.3724171596459767,0.8689292073073823,0.3786711669469637,0.265828349472038,1
0.7898102861105255,0.400561211158181,0.9962620321766782,0.9558107125086988,0.8275800471068916,1
0.6048421602681001,0.9366292453290668,0.6346409100212033,0.0127380825172713,0.2595602492234304,1
0.7664008402971834,0.4676013481480141,0.4624661075872043,0.8521234564107292,0.5575153567693488,1
0.8126481705860903,0.0323137509603186,0.8731797931614518,0.4207328107313278,0.5566902813061838,1
0.413958350532537,0.0609168088351954,0.2911188437621844,0.0857021332064719,0.3959607649793085,0
0.9266786615308452,0.6266444186629333,0.3011643424512501,0.9214520535473856,0.2199690178590299,1
0.1590596309168087,0.9222196807595224,0.6431029180738425,0.9147360914372372,0.3821819083543437,1
0.769768410926251,0.086751760269748,0.7893035013504818,0.6841403363889492,0.0528019670372406,1
0.8035329785504266,0.4599619750335398,0.9355467288272016,0.8229142228193039,0.453478585410646,1
0.1851701266706896,0.6733218707519122,0.0905059825125406,0.0732046523383859,0.443243327258089,0
0.1377370716794229,0.0079487110123109,0.3248094698760706,0.9096079114342692,0.968804283181243,0
0.7311711544214968,0.3583584547676122,0.4856120981301208,0.2039913419642313,0.4995801690011019,0
0.1184727675513508,0.767165560630671,0.6566933780270446,0.5595799529318796,0.0414497120816858,0
0.5146751281718622,0.2153825298878163,0.8398538503634879,0.1665311421951819,0.3042824168286373,1
0.1594626436057793,0.2285292474633323,0.5758313754831382,0.9651822116566374,0.2302647412788904,0
0.1840881972597108,0.1873255459881917,0.67590401567415,0.3716818488351777,0.5536704792557845,0
0.4753485727344797,0.1893902375580545,0.6751751253238576,0.2764629806563385,0.4529625456448837,0
0.6648084243616535,0.6297124057346738,0.3189862987963965,0.5346809137671358,0.95939594733063,0
0.5281302932010746,0.6260572889871826,0.2992181966411832,0.166998739721311,0.6349726210952532,0
0.9345409396519636,0.470080376552268,0.4842674421824169,0.2179650394908736,0.2417430803969823,1
0.0332681042482038,0.059005799822135,0.2880519264875077,0.818506739830225,0.9622216463927984,0
0.1012630450088748,0.8922652669238165,0.4022368292969129,0.7083867945474039,0.4519135328663293,0
0.7862331102144805,0.6998942137063946,0.1362508869320328,0.6064547984849901,0.1748284428893873,0
0.6125636931045798,0.5252667217252056,0.9622447453754756,0.6469492026515011,0.2500101995121357,1
0.2022251248081564,0.1833296333081119,0.9460081873405,0.0777903030508829,0.1200369417642822,0
0.5050242945533179,0.6191011513194399,0.2018673885427679,0.0704550299332705,0.6650499133260802,0
0.0193675031469112,0.6422140256666745,0.4738718545486299,0.1962541804374659,0.2724667679044478,0
0.4852306554816429,0.6444144216118197,0.4786454502694861,0.687113529840881,0.2482679221106013,0
0.1419141185149282,0.8112991176710476,0.7356122470813207,0.7036341132497925,0.5331841483629689,1
0.3982274934818782,0.2476156022198377,0.2932927380876775,0.3261076965147869,0.7384082552776315,1
0.3072517928808349,0.6149382341170236,0.5542076707593397,0.3177156748147615,0.2439850672181118,0
0.8203203002000289,0.8601467632580542,0.9905998417806268,0.220057704125907,0.616384684332569,1
0.2812990343046184,0.6002942669408033,0.6881913522488683,0.2060976949854441,0.6074057095329956,0
0.5812506641283864,0.4984605847865929,0.0210365983383052,0.7271661208862673,0.6557885072259023,0
0.948243636139145,0.5013519462186895,0.8648047806342308,0.7586267921857343,0.9371662256542728,1
0.1248152479982188,0.3609579468525979,0.7612964573352508,0.6891625942967649,0.9479176763833036,1
0.5681798245501867,0.7071248415221908,0.1139427506299065,0.7167570846605222,0.5368110388263722,0
0.7958757051362324,0.9310851675930132,0.1351254809787435,0.9001414772732912,0.0362802592871642,0
0.1844203877523241,0.5322061778923737,0.4062714324513614,0.5885279548595839,0.613710156626328,0
0.4935829364042144,0.3326503320898236,0.1307562527394898,0.5072509462385894,0.7948336736740969,0
0.1064517099226928,0.0399525787052884,0.7917474603015763,0.0856852192781455,0.6182919648790557,0
0.8203231387735103,0.7745764120078419,0.2049305690063416,0.6696164778152743,0.0435984775973322,1
0.9071415689064024,0.0257706451315955,0.92818677693388,0.7000253065485732,0.5737745772319495,1
0.7325471551583197,0.0822395294286367,0.2059278088002004,0.2884498427692152,0.2213104800744703,0
0.0654772800697636,0.4436382728865804,0.9235506848528984,0.1031840446110674,0.6120907663491743,1
0.0184951579721782,0.2767667743526308,0.6869548190838782,0.4131540710451804,0.7013181404251772,0
0.8382045275344238,0.1883059472853337,0.3053472276163188,0.5538171497540677,0.4517618350432335,0
0.5925179022454681,0.0355497316447473,0.3132319410791134,0.4767901371467431,0.7292281977741656,0
0.4378405351245622,0.5453822230679434,0.9070118349984482,0.3433435865276716,0.9530292280629264,1
0.5801284422000019,0.3793979019627693,0.3880777192682574,0.7260429428800561,0.1679304487690547,0
0.5078381543624605,0.7162256519316348,0.6311610275949741,0.8809492579116368,0.0422639231768464,1
0.7130503879524273,0.7300055791211532,0.3947961124191692,0.5867554312814643,0.8407934561161956,1
0.8585290344903368,0.3256025074061441,0.9924088004804148,0.6915182510093244,0.3227856602163261,1
0.1485806167894453,0.2244967641437633,0.1790966888835253,0.8832441445453174,0.4039086865528498,0
0.8425571580829223,0.5058813781652785,0.1747766787447745,0.8616593029037969,0.592116670423684,0
0.6069989223263446,0.6509898292393355,0.0999710002069097,0.4339834097599114,0.2068562963613819,1
0.0336998353636721,0.5004998314895416,0.175162017105657,0.6152103892511959,0.5252730320587463,0
0.0383096046604685,0.8351897666136808,0.5874401240371863,0.7971608173660137,0.8242178704386882,1
0.7620250022802564,0.977477841711492,0.7220489136898706,0.7609894474459032,0.0988529245639032,1
0.9879303101938838,0.2075522737151013,0.3616593405364405,0.7038961774266241,0.6291182137509104,1
0.4466807254227025,0.3211545052849169,0.1640012305829576,0.1509275192768673,0.9400707375346242,0
0.1367737139750173,0.7399933300336218,0.4371135588987574,0.5252779433130794,0.1153149085844382,0
0.7473780848873074,0.4840261904028348,0.5342907932119039,0.2779953581397468,0.8939441684775216,1
0.4979681361729375,0.5802068894890462,0.8977351311230873,0.0724434076448683,0.0736608923182471,1
0.720617232110873,0.7834030354958506,0.5064769096561695,0.8002021994821689,0.1290628349301097,1
0.2048912709322243,0.1665762309042276,0.8024432345839106,0.3026549211667058,0.4860488414014321,0
0.3128463462686612,0.8713425690655138,0.396727433847685,0.9218825121276524,0.7166447917040787,1
0.1521418927180647,0.8718562659724689,0.9883086056726252,0.0507394414303391,0.8668281748191958,1
0.2200053418879491,0.4016391309408127,0.0663264809416668,0.2654502638400929,0.1213949216174158,0
0.17366111110375415,0.9207376165133743,0.02571510932041332,0.5830142109619282,0.02872667864346179,0
0.404936000060492,0.9078043354794457,0.7211583024160372,0.09130288013602328,0.8141070778460048,1
0.2238790254134927,0.3692319015461709,0.7134548986556002,0.17253766017340288,0.558508589336772,0
0.5035838960971001,0.3401263129479163,0.710591126346538,0.4869938058830603,0.8579892631139574,1
0.12930800846875623,0.513763763959245,0.18115253562184064,0.3936108079471079,0.07088469461104463,0
0.41989104125963783,0.5838702054404147,0.8902750273102953,0.8428798967099809,0.13565756219278102,1
0.9176457426145691,0.7643844341479812,0.07787238938291852,0.7247085915059804,0.9288270725680781,1
0.9909140211150782,0.9035103471597968,0.0643688073985722,0.330535004353503,0.6626062059745855,1
0.9440791803364111,0.027874309109279793,0.8425094368877506,0.31706159410113466,0.47428498512826345,1
0.5139280552725637,0.7251797627050197,0.9860902835787271,0.8183210365926322,0.768297043998932,1
0.20067991490284787,0.8472410752986037,0.5375433474526321,0.6970562779060441,0.08632939763242042,0
0.2692518740341808,0.34321947637914074,0.4044887636945821,0.5767618733501947,0.9022152299187457,0
0.8458394991362936,0.6658382012327501,0.38511366758548227,0.9621441207892647,0.2220507802575955,1
0.02357343110618415,0.8775805062716627,0.009302704719262755,0.22521850425551349,0.5422130832768007,0
0.456777759918779,0.7553354523468142,0.44768640884762545,0.23330674663646211,0.10997482044960527,0
0.10224520440197482,0.3885915397728663,0.25311334602070135,0.47329910317572566,0.5195134824982399,0
0.9728022401997503,0.27671226716896413,0.09037559236474713,0.13909927152087842,0.8744729719046965,0
0.9336752228969487,0.9023470335465915,0.6636946801043664,0.6768243032258153,0.22134577196592442,1
0.4751391508959407,0.5915250642313912,0.5767112656399042,0.01311374941366783,0.17077157131442156,1
0.48508627657273007,0.5188072059215936,0.9854765678039796,0.32271629584096595,0.11324826513268671,1
0.5801292122794737,0.07707412098860111,0.1622368460351462,0.27754859819569744,0.11515444782999462,0
0.558174037612969,0.6683125300367818,0.48850098294460376,0.021975447933212044,0.48500816075305764,1
0.6398594702497898,0.5789885291593717,0.11191943215029188,0.3713445971404531,0.19839199547321373,0
0.9465141494453835,0.6504179355981191,0.9734095548397239,0.16062020061032145,0.310953272658807,1
0.5696448590597865,0.38033215263607,0.3064827255475139,0.1123124945711591,0.20920972424776485,0
0.688928020892483,0.5895266894872241,0.7102740867056847,0.7931001915117054,0.6834545436438343,1
0.5072592607255462,0.6814387568466825,0.8584000297235637,0.482133320029661,0.9120025042638307,1
0.9240519142168364,0.9544979969183388,0.6102318640522185,0.3276464438145412,0.30407556093144616,1
0.872832822478679,0.561620654180294,0.08318503706714775,0.08275203193205838,0.482950907555989,0
0.9164133730987747,0.9315086451215485,0.2813063981672448,0.6438245947373777,0.21118778635567803,1
0.8806174758002747,0.9119614407026333,0.23007365287120807,0.7479494152115403,0.23345077105056444,1
0.7572778374346452,0.8727531068104507,0.09905539520519047,0.7810215027516662,0.3092943814683027,0
0.6201045923585943,0.9981310413125265,0.3464303661227819,0.7915786079810614,0.933367256333663,1
0.6869219481719732,0.4269897588211723,0.01960532590070796,0.02622708434097587,0.6270271213559498,0
0.8250393921617456,0.023591072431555227,0.1702838242096999,0.6771771613050335,0.15097662610029194,0
0.855594448729907,0.7702703587121552,0.18378148974573105,0.8154802590866895,0.20684114325668734,1
0.8200485527194831,0.20281095193020082,0.43668943302804786,0.8848290618705282,0.5995582004900658,1
0.9893496996398744,0.14069260934930616,0.40192785025480593,0.44557618341424887,0.3570774277861317,1
0.8294325028452423,0.6957633165554861,0.5715667094940736,0.35800263813268474,0.3457654215403255,1
0.18493899029646454,0.8913423985745946,0.19520081692603064,0.25511052456426186,0.28537796156419415,0
0.3381063560802894,0.5692792701466507,0.5053585618314731,0.70039364068939,0.05448017809007699,0
0.5688845762592669,0.07511012511856041,0.4227622812638193,0.1878828320289765,0.03195065469708025,0
0.6333472606604352,0.023028180921692787,0.5973572893324828,0.4386535800703918,0.7388770169797043,0
0.7118503225052457,0.36068830252593176,0.7029830841299451,0.04806352496371902,0.19109737988729603,1
0.5642416170078666,0.9884335584223817,0.4721551391895228,0.32369116096910755,0.21483609287010597,1
0.6594641731989783,0.42702184145757516,0.2799579947705876,0.03484143354532565,0.4353940127920316,0
0.9498323861408801,0.6697542459912901,0.04707634605910971,0.8308272636458844,0.28165495300389043,0
0.3377094580208576,0.066201853505227,0.3823856541261499,0.23900601961647872,0.8869410685794811,0
0.5717747536776947,0.08531267179809543,0.5881644232963578,0.957765036297543,0.07260540233630497,0
0.550667870891026,0.685648925418731,0.20930941255757207,0.06813728614512593,0.618945116632424,0
0.2915546843248874,0.1539195144122648,0.5668206432850356,0.33536113140195,0.8704050677136537,0
0.08137359637690311,0.1429402345425831,0.5139134770340744,0.9829582930298407,0.255142353962155,0
0.08510914061793162,0.7995441823430829,0.5181136188426491,0.4114776874592997,0.56591323373247,0
0.9267145445839309,0.01072861172637063,0.10848257599177591,0.7266693950765493,0.8373397858939489,0
0.053152147844540476,0.5954919110753439,0.6958869796034424,0.9367752220487046,0.16490693545457868,0
0.8759759585180467,0.05716087780344903,0.5479247450141834,0.902703214615876,0.8068685606495767,1
0.0020819652826552515,0.19514867488596388,0.35904478893527103,0.6452779244417871,0.775572887348045,0
0.15177784734788402,0.6386361033149779,0.02014781225075435,0.9205689080719511,0.006169232147698933,0
0.3339585495113473,0.713317778011805,0.37692875217371413,0.6189635879063898,0.43937658910834554,0
0.6183857763845735,0.6605108228690472,0.2731554392192098,0.02049331350302752,0.7894922254755193,0
0.5789602044250048,0.6680959147020283,0.1650700739096459,0.7990942348925348,0.6869704990844676,0
0.41571723154382556,0.774503882901293,0.6299644118368383,0.4247841299831494,0.18807882245274932,1
0.5265732806099332,0.6922315180204781,0.983668107142502,0.9762974926144998,0.011065375854676263,1
0.3525721996350343,0.27889800861756386,0.8587504132063998,0.7860041481954244,0.2895752973068797,1
0.186661690343094,0.09998821011937098,0.9198533436324533,0.9052224067651398,0.6110850525515787,1
0.4761694802850054,0.29910597970281716,0.897040409859764,0.4613038874051618,0.870955575402207,1
0.013379067905200825,0.12604221538729676,0.6625295741654852,0.4545109996374582,0.4348804987230164,0
0.8628146870556986,0.1215411338932253,0.6057021942200739,0.09347133385109652,0.28938189907462386,1
0.4730997987304997,0.19209925844640618,0.7627507146327608,0.34408411894628943,0.2718987343518666,1
0.0770750585821236,0.6535429350884561,0.6696276556044557,0.5052032358834463,0.815059370195136,0
0.5447586968389446,0.9179628920170178,0.5006501031326903,0.5506815920209661,0.6587899510807801,1
0.7140866420298998,0.3392991390673047,0.6330890309738475,0.2760014039575164,0.12541832085926718,1
0.08448401965484831,0.783296161492607,0.8313065904531787,0.3253577037644759,0.36893124010532785,1
0.609333263788273,0.6774703419642406,0.11432997507238674,0.2463952243867339,0.19415473464882593,0
0.15253766161403592,0.17569061949140707,0.7950660966095787,0.6167066821822415,0.6742651394963222,0
0.37752567518979885,0.4529793063540526,0.6526377603333555,0.36874057139405714,0.4170145254120867,1
0.7261540401334858,0.9016189609293956,0.4055620631724136,0.9853363472330995,0.7778764791905308,1
0.9775552776176237,0.9450494425464746,0.05747577627644096,0.4637866431318457,0.5945263180891214,1
0.9128622812771372,0.9600981012680192,0.341928285543904,0.2607055697936427,0.8116812618941046,1
0.3842660501338463,0.44769661253543425,0.3314531395151432,0.8063121839970465,0.12083035619386151,0
0.6196948338139332,0.7851470703351217,0.6365435393141082,0.4351571868257611,0.40657272846252135,1
0.701640096748084,0.024473113118591572,0.16849147996551117,0.13352103201480903,0.8517941568296303,0
0.9697433019921659,0.9438241820240089,0.49532296178745816,0.802112329432618,0.04300237488534331,1
0.8703470633285301,0.8943560586663134,0.5383718656350334,0.6597112524696319,0.41050569153317584,1
0.7983292344040924,0.9944181346917778,0.3898013001292481,0.614465251910746,0.3045519473347744,1
0.1891761784976429,0.4569274472699786,0.07063274287230559,0.11219390310876465,0.8466659093762349,0
0.04181297648312332,0.9569017457602451,0.44937045747734516,0.6054062733679129,0.977943971881254,0
0.9320882641535131,0.6202070106949747,0.21793566548151344,0.05669403757329572,0.501943507210858,1
0.4774747272136187,0.507309757867598,0.7385049990650414,0.7681352233497392,0.2804019437081644,1
0.31899671101614857,0.44596613913358396,0.82435640370621,0.307378400432916,0.805615079202694,1
0.8913999519071867,0.690288999144957,0.041148365497762907,0.37250775740858477,0.10942763243059439,0
0.7281974208738745,0.4771491965482888,0.3278211429981607,0.05172612148001421,0.7181366368313449,0
0.4022914955218475,0.9521586196571388,0.7024037996554323,0.9350562503957464,0.8148418389740778,1
0.7513066420841685,0.36029044264757104,0.7249309366195602,0.2240254213896773,0.21551042529830333,1
0.7865403800503188,0.44468702803512217,0.5859158304607595,0.7121871479551785,0.5740131607104826,1
0.37938049977259836,0.09928816069334634,0.3053728606561348,0.9937454629530746,0.20062777669022913,0
0.03185029495064362,0.2119515216046297,0.8261955133046425,0.7287935574840249,0.464331128691193,0
0.9991226112974302,0.5364035047081571,0.733857482922646,0.683059596463376,0.8303844303044106,1
0.4183449381948493,0.692172557873952,0.8060428666453084,0.06627749939652794,0.7299277724069192,1
0.15027910922321874,0.07777431057754136,0.9566586866045159,0.5402132389983555,0.19780480710731996,0
0.8743504131183031,0.004477833568699019,0.30933384643091477,0.8467526930150358,0.6133603188646547,0
0.36278080483317887,0.6949497398361812,0.8103025457365812,0.6150135964372742,0.9210245859432338,1
0.37955557579893096,0.8930230665518742,0.05637655660314134,0.8538163487938522,0.49251077249487385,0
0.7118852545958776,0.3340942679333285,0.6940246021770001,0.13037741623238308,0.31928502976341533,1
0.4943345871829643,0.978203653095826,0.942065140503474,0.6034768578227663,0.716864003679944,1
0.9521378619275683,0.13534609281150412,0.7401497821803229,0.49351427390341507,0.9074755314793639,1
0.007435622911385442,0.09752881828904192,0.7366841622768137,0.46996706567848723,0.3156696360573161,0
0.04702377918719047,0.8906825964855929,0.47589596249524346,0.9495704327169263,0.19599618968146293,0
0.14559704255700268,0.4939749828072325,0.9096396175014138,0.19061598463878393,0.3530564811797603,1
0.6124952888445903,0.6999996598773882,0.6438731271374457,0.6548755993791753,0.019234554977002438,1
0.7364899521705176,0.40986696970625147,0.9397591656983069,0.8509261317305752,0.8318389447807327,1
0.5612449710410407,0.17684387432402926,0.6437777063792675,0.5825298740512159,0.16440236007314302,0
0.26792347076099443,0.1606310109343292,0.3360223805458479,0.9990092044874328,0.4118838193126878,0
0.32742505993098314,0.5560645923577213,0.27500801923094376,0.21767588202654276,0.8150176473755721,0
0.9487564852351394,0.20771112107906642,0.047158515324844275,0.1987917271601094,0.5885516118525087,0
0.059919279095724254,0.6657548196106815,0.5504053383759994,0.5353521597287422,0.9652595187945769,0
0.5480657802248076,0.15617713832764335,0.5971322927454755,0.5732793712774872,0.7007950757979221,0
0.8743246426103751,0.45396711056688643,0.5124823269606009,0.9239501771204152,0.6797065977089565,1
0.23287037044063563,0.11259188453148028,0.986165348162935,0.9206353521223192,0.9172471892498824,1
0.5514338438870743,0.4018183920742763,0.9258655203538934,0.9463738317527011,0.7003447774750269,1
0.24757610680466613,0.07979058651445359,0.6397760983616636,0.33432210751845104,0.40896283424809765,0
0.053994713151404805,0.9707548936245189,0.6259903129086842,0.5998449569695236,0.44259525228709906,1
0.9430078525256097,0.9191219652097146,0.34974145543812674,0.5712280646331954,0.09863166899103071,1
0.9068425938377884,0.9833689700225616,0.2533007239267435,0.5881750298283238,0.3380582111508802,1
0.8296036559204063,0.874660825397584,0.16310509127381068,0.5220007234269642,0.9241558221814183,1
0.34430788454186745,0.6793494169965942,0.48117202813518545,0.10215569843842176,0.5684382067693808,0
0.5654598395317684,0.8176262431863857,0.9573848191113901,0.30963170489083525,0.5581974960811106,1
0.7527763897139838,0.3476345927436447,0.3013252322098615,0.12419737374156947,0.5779451191328576,0
0.26997533369089965,0.10241006452590018,0.9767428891483241,0.3346430058498888,0.17662839321939072,1
0.029303026888913397,0.33480253255096937,0.7770366541832421,0.5229306011322865,0.7429780239644393,0
0.9300399942003238,0.40845486864917047,0.6496831299524086,0.8862526796872915,0.5111943297575094,1
0.9158182205855767,0.9841213521674039,0.66077569459298,0.17905937878327172,0.77245864996813,1
0.021642522200675418,0.7144840882372722,0.8157568551148294,0.21583650205967997,0.3317492582723591,1
0.5848662585124814,0.2127589511345912,0.35716864973857865,0.3393212413291541,0.8519015375200709,0
0.11136978194894087,0.8065040564726268,0.6869468420155185,0.4294277137532345,0.2707141782345479,1
0.6723041939135995,0.4864499728294108,0.8634091394898348,0.31275302164272645,0.046912858175250705,1
0.06222722443199069,0.28066693418553346,0.28508670740189024,0.45341676977708634,0.5662034169802967,0
0.9308087565891328,0.8597689606652268,0.9198439684345421,0.9070664694619649,0.475956564427893,1
0.1707168855754163,0.5438168750522528,0.2968840816606829,0.22289857274679759,0.4683995182079793,0
0.7973930287015434,0.828531484338983,0.08422650479122451,0.4472569425911531,0.7313074404532031,0
0.29651679972729095,0.5966769698203567,0.6357321899061822,0.7590248657342492,0.860106899197747,1
0.1454863536374964,0.4260460407639881,0.3953493616302829,0.38417323345908794,0.5144540054752235,0
0.9083371435793212,0.1097165462615397,0.09610753009768136,0.7823149678832512,0.21487750051694066,0
0.6403218066217099,0.9118319006542811,0.4083214586109527,0.2565757879355275,0.030888015364650245,1
0.21904806820707323,0.04583499120416579,0.715257712261732,0.3835109619948567,0.2313225322225141,0
0.8897120222443725,0.572459716153985,0.13789181191546152,0.5307846902267109,0.6498691393203765,0
0.48128886746006827,0.16707788860041484,0.47718767913614235,0.8062486202340102,0.5567748943189547,0
0.31188728439463986,0.5465664113528718,0.484603815578051,0.19549119865552633,0.24687373350813058,0
0.36344159780929997,0.5857330128503221,0.3811650631130348,0.0980860345523018,0.1665229309832359,0
0.5979416179159368,0.3488428716858728,0.039445542450639026,0.2851080338218288,0.01223153013995859,0
0.706368874159683,0.5719272480319284,0.9716594112795837,0.3224065728024469,0.6196796876661975,1
0.9344794520359437,0.3914473835143166,0.18527574892195386,0.8579131695418418,0.9948648444083554,1
0.06390159921160055,0.8332399800671547,0.9607216738485124,0.3514787634288965,0.16443273053221863,1
0.9201311315641802,0.5442309093697794,0.4347290867918685,0.3347808509783917,0.7640110683086032,1
0.031698175430459274,0.9075107623471426,0.39507034553099707,0.14911276017630148,0.19153820241355834,0
0.4510274800759726,0.35596281481336434,0.09809470597180381,0.6907692165705608,0.4248331103960242,0
0.15237120291668915,0.097169267497621,0.885206803278346,0.19653953659172352,0.2364365956134411,0
0.0496737097077905,0.3762037548401266,0.030303558901544014,0.025219804163929438,0.6311072847762175,0
0.4472887875817758,0.6518884828057657,0.5404382861693335,0.893627376175466,0.964429811881485,1
0.2564086372166735,0.261170979319887,0.10128936643709863,0.6509577108280149,0.33207506168220124,0
0.9889432113870533,0.6430902711632019,0.9333392642491399,0.4370458117649144,0.6471913060380585,1
0.681104709542924,0.6605472817164657,0.3532300499691111,0.6402740692560384,0.6206078212421607,1
0.3808550402268388,0.48637298445976485,0.6004320912930108,0.05923938541243989,0.7435056407708015,0
0.20932168205168256,0.5948492610581314,0.7878456777219273,0.20698608177894096,0.7882399433937451,1
0.0359351023415172,0.11271482611527484,0.4632928430393759,0.3188150652581119,0.31738258305461176,0
0.6194803142093385,0.005760595190460349,0.6846137794898076,0.8113072938206082,0.3951901198986556,1
0.09901265449357088,0.562792070041282,0.19486045864845125,0.2677308471264791,0.000978359102655757,0
0.2806328385837077,0.8251595717340137,0.9810127157078621,0.393224149651896,0.8216944867402959,1
0.5909676941949543,0.8267500729859031,0.7973016106078814,0.9970644579149346,0.4325585592442148,1
0.26725137426678647,0.09406602738678893,0.48741332586048425,0.4664547988257586,0.33218485740675774,0
0.8718799681238936,0.44883445341960304,0.18046024962859486,0.42274467130271,0.9414550874557994,0
0.09072085509557959,0.1514409746743276,0.0734321009606218,0.47974456872798754,0.9106578365542656,0
0.008305741066713446,0.16148299073704875,0.11012557559034764,0.5985083213890546,0.1627909489167818,0
0.9858924207926724,0.6874883420683076,0.2999577296665604,0.005126351185512745,0.1571099066557785,1
0.41720866593557104,0.49657181410093276,0.18538934198722423,0.2590833786984703,0.6754265597533334,0
0.8452875993286576,0.484178615225064,0.701785334909613,0.9492206902083,0.05118015204931614,1
0.8549427318194504,0.7622739031944475,0.4567668362106143,0.2810359185346307,0.5169477594366667,1
0.9125586446583358,0.8558646753879787,0.24217581202504668,0.6046710890178627,0.8201442403867714,1
0.30319461257610747,0.4688955354540071,0.9698167772331172,0.26154854081046286,0.3435882442737179,1
0.9044240668825232,0.8044413767052483,0.20088064378127768,0.28101793648869877,0.006515993323791602,1
0.4942378124738779,0.24230886279807118,0.8996087273288742,0.207987347572252,0.49653263261273783,1
0.3058281651312109,0.17946710420927992,0.7702948722048784,0.26622682878824866,0.5702583563073351,0
0.25773674533121504,0.7740473624386867,0.44464999726989685,0.7681096905593179,0.9899568235176572,0
0.4572971317729958,0.4541183565306919,0.44138615651968305,0.294919627308019,0.326241774943003,0
0.42501552861088865,0.8257481430161545,0.5744698933391723,0.17830174750266492,0.26460773880116084,1
0.6150564097092475,0.34716484435491546,0.39019866918771184,0.6307035297176284,0.9816724727036988,0
0.6956208014340695,0.8808683431710306,0.9492353880432453,0.8937196844283569,0.07716080515301438,1
0.6416347730307806,0.4281580742483747,0.644342208997389,0.34329209383567294,0.30023035598332015,1
0.38571907579165154,0.883020980487409,0.7353443393122642,0.4276528137549568,0.7911344085418812,1
0.4253318896375661,0.11186976760416656,0.11261077461411073,0.05101580106586989,0.00469705020774025,0
0.4219603688156155,0.17146255743814642,0.608648281958353,0.37441456812068996,0.30196236731107284,0
0.4074214127273994,0.8577830103242005,0.09320006817330806,0.2946056249462856,0.3703598059355704,0
0.5898179007389803,0.41162581746653293,0.8325431510454029,0.9207437852478517,0.8664945233329701,1
0.15092555134153374,0.5148557932969033,0.7015871472696542,0.8608789679837858,0.3940910723317016,0
0.7300133206102082,0.21369948554860807,0.8445855398274583,0.9757260553270877,0.5676743878685327,1
0.9604771703705705,0.5856918667671945,0.2575103108559077,0.35944587952228635,0.47597609798574225,1
0.11827753645027683,0.799836497654356,0.9958053791860141,0.764067576488152,0.003866241180390584,1
0.9569485562511639,0.005274425331112553,0.49828347491967384,0.38971033142640266,0.7012891057890511,1
0.6407665188787549,0.8363736302254755,0.04713491231837119,0.6469462707297398,0.0049545151162061485,0
0.5276884031313435,0.013619142070472656,0.17530388684991716,0.1768292140211819,0.20096372363242698,0
0.5243285153431022,0.471043839467969,0.6945454545396442,0.7802861985302602,0.9681918548672077,1
0.9828405070000389,0.21103780302976305,0.3597365163801737,0.34416354559460427,0.022952654580582044,0
0.5706743392031132,0.051142378770866026,0.3986023173131412,0.9323166707948778,0.21822158831586125,0
0.13558812725182012,0.9850862291627983,0.8650201726273091,0.6937519134465755,0.505804095538991,1
0.6790356523182286,0.5739137855300591,0.10295671140682616,0.41120996259241316,0.3376894652164143,0
0.9528862693382434,0.4941725429452606,0.8810754311713421,0.9455907810467956,0.8662360844436129,1
0.44102025457866745,0.05626159683626775,0.36305011870476545,0.303440430659463,0.5414540236154217,0
0.9688843691200499,0.9441940304271997,0.9534617079025113,0.3466948862887683,0.5922793100246782,1
0.28634573201186253,0.36091835348354484,0.2939028186110938,0.6642465043681378,0.3569401646020982,0
0.9313997100591628,0.8895326458941129,0.46409380561396585,0.1836937760053613,0.10384770164136536,1
0.6154177934924714,0.7916751498427406,0.9492960434375106,0.5475038434837801,0.773939195873672,1
0.8959070375433899,0.34996135634598013,0.6178283566126545,0.4994359635265657,0.5457862122996883,1
0.005698689167875193,0.12000627854456614,0.6293403670331286,0.6423119616691362,0.7039664651013474,0
0.3236867038247163,0.7542408513400728,0.8568649286891651,0.3065598553954494,0.4269588404141951,1
0.7816249632926426,0.44295029059338786,0.15391899587080637,0.37277615319638435,0.41828743733429263,0
0.7890562483592991,0.18582480823638536,0.26465868858379593,0.036221948273592264,0.966154036096082,0
0.9119380423088811,0.56079103121426,0.524534911102984,0.6124841656302171,0.36087134030489476,1
0.8343486467471068,0.6396672103700348,0.36116874849442393,0.10720456588323724,0.3728646303969537,1
0.7156300286820404,0.4316306490062457,0.8198942013366599,0.3744183490269667,0.6674610132546374,1
0.4970224965524418,0.00583542015189753,0.7436965836982823,0.21119751850377033,0.8484486121082567,1
0.38717958323980406,0.5979548161976985,0.20670919507078767,0.03748615011556378,0.16820229968084532,0
0.7255106894638579,0.05584979403431556,0.2417698323889399,0.5203358296936512,0.9744327321622395,0
0.8508394668751933,0.72157392905447,0.9638824145330466,0.7890817803849565,0.0003814106666474304,1
0.2577855000224377,0.9853711089705026,0.38423331724100895,0.8897743998745713,0.6567824766997051,1
0.21784536991886938,0.4384597589234168,0.06825890634072695,0.8773896536454929,0.41893974798032985,0
0.6588912671783717,0.5546432232118291,0.8527204117372832,0.14739176399423892,0.456420268384896,1
0.8106459404272833,0.43482904240070097,0.49993160732542086,0.14926763839047108,0.9649239593500819,1
0.8708911564000874,0.48499607362303665,0.6333952185047766,0.6105259657232172,0.6380767501515507,1
0.5184657055097157,0.9034402879902412,0.3943601448786225,0.4627138325026179,0.9852136018282092,1
0.07463889227334708,0.942561906185501,0.03312691272279722,0.8889450907528186,0.668337058324486,0
0.45860986845227925,0.012873045439310449,0.27662547196719967,0.9188863881644176,0.44491527665573083,0
0.1363889143322653,0.9419569129469388,0.7862900726629659,0.09517750673453018,0.5671844383291439,1
0.5420310633129333,0.14198811818484114,0.2910376999305332,0.8457034107307171,0.7440072497748736,0
0.45213954831967185,0.8686869074466037,0.3266082191605232,0.9449192754350321,0.33190017506915614,1
0.17692982308707916,0.43584165271711384,0.06617654853932708,0.7008763201827442,0.5377980290238457,0
0.5447837127366051,0.9312649780858424,0.5606492479915871,0.040703144266872826,0.35752166607407865,1
0.4096998386811854,0.8295385654130222,0.06198504687209916,0.7700768996945089,0.7893602849608379,0
0.7978750544989092,0.25343161010382953,0.7715395897846467,0.7807451390210953,0.9851341295811673,1
0.7827109494627414,0.4791527555305729,0.594099002841789,0.2287460335457282,0.8534133838825754,1
0.4200370960704476,0.2538822208015392,0.8132967264774837,0.3570742327451262,0.011159768120857727,1
0.6386144859116835,0.3167230251645087,0.7772217069562259,0.5923642479646052,0.17746277762751628,1
0.9786550920682243,0.9587246109032425,0.9090708848514103,0.7606655466998068,0.8350411371647686,1
0.10693930676356378,0.19888873955679331,0.7734847762755732,0.14960754162977663,0.6550537269004644,0
0.9506136234976517,0.004688039617920969,0.22023793085977506,0.012128118976896252,0.3726638895251747,0
0.5274653766520109,0.9255318167707385,0.23773711921463092,0.5025325350599917,0.2886657129002993,0
0.962986959080898,0.7557320938123764,0.5993972015433677,0.9503558465102728,0.9277791339745186,1
0.6071001551309503,0.6030795320871943,0.7718859475668579,0.07226088906438655,0.8288873367288472,1
0.1772459437446151,0.22113713290750103,0.563831390457163,0.4046446214323963,0.3964124027666396,0
0.3276123433879581,0.43087606617511975,0.6628028598974355,0.7217618971766813,0.7250878982304404,1
0.21682853447426687,0.11138124312257647,0.552322724496207,0.07666457839445218,0.3078481876477023,0
0.29274790253144367,0.16363462512341298,0.7926114346614022,0.042112642302029935,0.04783442852905162,0
0.9769166005808306,0.7741813317644888,0.7957503301776866,0.35950974551695025,0.9120567639554569,1
0.05372568756440044,0.33952732363780314,0.5638139500713657,0.803324259041322,0.7895766128116295,0
0.7574494352408608,0.6017351562518231,0.05366302726499361,0.6434799054307648,0.42704954214260216,0
0.801917556073718,0.09640691872837226,0.6384446677852369,0.25314499783917144,0.40312754744357004,1
0.1320102983877387,0.22724543084244542,0.7387958366495808,0.16246974032474404,0.7202462721143807,0
0.26865983393154313,0.9383023136178535,0.9770859382645812,0.8016910768474157,0.8115178501188797,1
0.22356899783222417,0.585772309088853,0.36728095218447243,0.6702251525300593,0.678130315347852,0
0.7032486491934649,0.18284494966269305,0.06971582999736725,0.2688860241035318,0.45189677250137195,0
0.9578157879672077,0.5924554853147692,0.5650670388591253,0.020987353296893718,0.5518558264082956,1
0.3793680546932072,0.8680782606274818,0.5820856396880637,0.04579828103810535,0.9753519131753604,1
0.20500962929308153,0.09083807448800763,0.9071764928242748,0.7748422332035976,0.93904267535435,1
0.48953335665378994,0.18763192638682125,0.31133989175195875,0.5538860523642513,0.08264079707406158,0
0.9494102354170284,0.8512509581506439,0.05363046647449521,0.16348601957494724,0.6323619995375067,1
0.4542360932728078,0.8358913644362045,0.9012803743708934,0.4524931634804117,0.6312648269317732,1
0.35522847283324954,0.07537622811880484,0.8584959394950867,0.5465531831590383,0.8481683067862283,1
0.6670475740821042,0.7711582460047679,0.38191095602170355,0.6905693953146361,0.9672830826842681,1
0.5356560833368978,0.13830784940707075,0.46663943368469474,0.5809456084728836,0.02824680549309655,0
0.37950309339145527,0.3526156606916194,0.3415599474966349,0.9464669518028183,0.7133677543098988,0
0.8934976276152125,0.5340654348111952,0.987422241046349,0.3175760442987007,0.4722450337482036,1
0.7096432590811147,0.20768417793672567,0.41880936492442067,0.5302070770813576,0.054518735127953244,0
0.06079654336380136,0.739915226297611,0.4751350090736023,0.5856732672149225,0.8126190624615793,0
0.43544393661310865,0.7756724736866929,0.17645722327180502,0.4393059143380966,0.7174696031059106,0
0.005096602621598834,0.06474398822651883,0.8897054568948487,0.5403629007021312,0.3318135977434856,0
0.8777661302426922,0.9444025538951314,0.8778208081921304,0.0876758030069934,0.040995654942583504,1
0.2356511445647672,0.06838345077580199,0.10104354473572452,0.8741014565698386,0.7145762520538453,0
0.35553060587491825,0.07282571248534442,0.9155395987549746,0.008016575295925032,0.062044631289004726,0
0.6904001606270336,0.8639875457232957,0.022013354192930268,0.37710494008235784,0.35123853280475514,0
0.7953585399567393,0.8689883811515201,0.4408633522838671,0.06572983785349573,0.5531214473227537,1
0.08085733417955654,0.5536320264545138,0.5478252101474063,0.5563790063937807,0.8711031730862313,0
0.34504285893790765,0.6243247497460739,0.5012322197838139,0.4906269016727661,0.048359593340362994,0
0.14460946204097203,0.682424561389189,0.37437866028025313,0.024749924213252283,0.5867249458250251,0
0.8529848579847017,0.8262555733716858,0.360311890963527,0.905641891381544,0.5814563594850074,1
0.1448916289358433,0.6454764053361657,0.04557625640846896,0.12624319430339415,0.5097787188657386,0
0.2802323412922155,0.730584455231671,0.43127286928211184,0.9134066988834151,0.8220076351482554,0
0.1445456355608259,0.1324899280355204,0.9439030719498295,0.20379114216731242,0.7719982607578649,0
0.789012324779658,0.5625007632936319,0.30128562807952897,0.758098852126367,0.8319699864941649,1
0.4397110989686216,0.4655514876653333,0.9596934693956599,0.3271150044522194,0.4783697549027688,1
0.2159760344760131,0.5045439787662296,0.9923089982899519,0.7153019705242513,0.03667777533249439,1
0.41887001914533206,0.6545943924350313,0.7529378894424468,0.04071474642272388,0.30793690160076836,1
0.25327270222833476,0.4716845781282699,0.646385523322997,0.7931727887549244,0.148097752534891,0
0.8623749748517126,0.7213234100263975,0.6577677408983269,0.8801390240800454,0.08381402834786389,1
0.2056087733652815,0.7864756943314988,0.28852848322859603,0.06455774411366999,0.8521983086839547,0
0.7631688330166548,0.4616646952330541,0.38347998177981923,0.09068461996256127,0.5963183039786416,1
0.34948053458224915,0.5764639236819966,0.2765549649249427,0.40727664926200946,0.02801660625110114,0
0.10899311885868468,0.8926925560139337,0.6110824227466569,0.8900620557464319,0.9591937442627129,1
0.8554701155082444,0.832366047777048,0.858033338683621,0.1462649058425739,0.4584321682111079,1
0.1226885404177871,0.15757909452835372,0.5797566398853378,0.5686488378777348,0.3456521333405189,0
0.45402999455966364,0.8132418866395921,0.8591147669303822,0.9272119407521253,0.7428697574214338,1
0.8607204475600709,0.737189517249112,0.686893520879116,0.1226903163773545,0.14807510023704362,1
0.0794614909054896,0.8965182248907934,0.9329392187264967,0.7418457384840699,0.4761470547228762,1
0.18084700152986788,0.11788978147116314,0.567937873132496,0.40947921863756775,0.1474039959012966,0
0.5638868745169947,0.15105350649236837,0.8384720627245995,0.3866778861581497,0.5477346967037059,1
0.5424891731861332,0.022159549684523383,0.09599889352308766,0.7754911676471967,0.9680860380217577,0
0.22899034722205125,0.48674655194185334,0.8978455398068902,0.6588968776016488,0.6562617192311412,1
0.12146392859784805,0.8335421940527581,0.3750260907934242,0.526367986358195,0.7432169125359815,0
0.38439453563331516,0.8278496647537945,0.3215994470991478,0.6762443157861793,0.8388957701345704,0
0.993594621742373,0.3104226344795803,0.8948037288026711,0.8430749137332889,0.4069250110407908,1
0.4242269144001962,0.44490817131156035,0.9691296132384346,0.7929632306602014,0.6819093319073951,1
0.8045196705974154,0.8623845327479076,0.8179739900283882,0.8383055352664085,0.5150549144447448,1
0.558897808353937,0.7779299806270206,0.4839087339038315,0.41519286903183605,0.13300209478850455,1
0.05595925827443127,0.2795313332582108,0.0032031637938687574,0.6454197938858521,0.44620208886494495,0
0.514154406438696,0.4397518433013775,0.02626483677368774,0.25773983030338643,0.08073070643328073,0
0.5641051340626814,0.06806290518099711,0.8383986996896147,0.4532152090531809,0.7422342892305777,1
0.16534088286110826,0.6706123843131845,0.4693453354452173,0.9676168101010556,0.951809424341441,0
0.6510470962035194,0.9707681308512733,0.024044465651632763,0.9897576643172776,0.8583963000630507,0
0.28664655710092535,0.6067199716136914,0.08611936419868349,0.2551688436781042,0.7328581432582421,0
0.49363273280359987,0.5804517684791419,0.0007017900967662971,0.9197531975766937,0.9938737656355069,0
0.4118702426643114,0.9478246984530068,0.8808163771253961,0.7303466735541747,0.24863619038403728,1
0.04683296233947398,0.9831820499023051,0.413741838703819,0.9897904285601731,0.6690126660644412,0
0.8566638279194649,0.8223670000757556,0.31762703929732494,0.7676115169845646,0.9985250581682792,1
0.0994338506655209,0.23188992662015762,0.7866502200097114,0.969856174181405,0.41703524842287554,0
0.18264609601146886,0.258048827121112,0.2647820905785432,0.9935774269349468,0.8169766464877585,0
0.09901705618629764,0.8601256903963228,0.9979958155981306,0.06597140349958408,0.3017927176855608,1
0.6566450600333416,0.4086952548241243,0.5129262795969273,0.8961306159654159,0.7491958665622349,1
0.14377980297747606,0.6438625632323389,0.5061958457660866,0.06216898508591984,0.8257622311890785,0
0.8622889687551113,0.14871732310311858,0.18454330745576142,0.11082318306149308,0.03650565076142487,0
0.24211053541185468,0.7455866190671601,0.9717207377748998,0.8954969880861637,0.7612253470334157,1
0.1045023533021906,0.6127390976736797,0.8619078944471553,0.9914688466890583,0.4718471195484364,1
0.0917314173802577,0.8186808562124566,0.5160726649187116,0.15447462696087488,0.17373552566705708,0
0.5920536186053136,0.7026329246805305,0.3020950342606482,0.9346819403530112,0.8070180656963619,1
0.5264583497647927,0.9600278293013147,0.4321283733927769,0.0028624793333573706,0.5984352074063779,1
0.5993957567884655,0.59735636308336,0.9244031733823639,0.7589056192298339,0.6939684483036016,1
0.6326513007476917,0.7853177885845376,0.10527696825226562,0.4637217805333903,0.46785104884435635,0
0.3952415194319978,0.45753897572503643,0.4285114827494252,0.9214316796194466,0.11122807886982966,0
0.9133938272715124,0.47489139054731655,0.7843541959400955,0.4716583302430296,0.18667528989723625,1
0.7629607622428672,0.8279850808315644,0.5061330028271795,0.17495786708593486,0.7523575059940938,1
0.35572690563805553,0.4876540074466009,0.7495193441481645,0.9650060329652793,0.9474389006906575,1
0.9905424812226797,0.6536310107831714,0.05265318695629617,0.9769589067860326,0.2513910374644589,1
0.5443942413285926,0.8807310109536447,0.9170505503389756,0.6293532009830523,0.5849109487238483,1
0.519356038823668,0.6776318150271541,0.6570728440065641,0.9908411701169652,0.9215033496077217,1
0.10374160161489654,0.2474432118111557,0.3162224836355143,0.9036791812140095,0.9449125444071956,0
0.9859589334870384,0.37922498500998525,0.9962726484196164,0.426417597009908,0.03965082029898026,1
0.7838633370111378,0.7317181486100637,0.6228832155155124,0.26431077365307476,0.185238000178229,1
0.008656236187815969,0.6756048869014611,0.7505648716872239,0.6321664560104056,0.7893251987169037,1
0.2381900550625924,0.9532354827081679,0.8409298371150794,0.8920003619195449,0.7421000475767617,1
0.4690291955372792,0.7170497547482021,0.6421016800553434,0.6419648855426672,0.7935059508973541,1
0.6656374402926087,0.44314727248379926,0.5518048282863072,0.15293005952133665,0.7828498804047413,1
0.16053164925879315,0.5827720317733773,0.4999248512788119,0.03921694359407957,0.8280938636464591,0
0.19641476220529008,0.5414903910097344,0.9278608511311395,0.7978973663076264,0.7810896040978774,1
0.7787415960302072,0.7890329281971125,0.5529689302602563,0.06887349263830944,0.6818343566849935,1
0.6332584214546981,0.8650539569891461,0.5159015565101951,0.15043899150878937,0.3110112192612171,1
0.6965798318587055,0.4465210265075673,0.5795250057503756,0.6509961990931291,0.5618314095464431,1
0.5182209660480517,0.6300410714113411,0.7340455280668647,0.7357563021122506,0.3354445309787648,1
0.42412612066276356,0.7659325987085083,0.8993000584127016,0.08314244298962437,0.9886134220956145,1
0.5179023914207443,0.13488527997979083,0.7757625058501071,0.5184926184500072,0.5429042404772263,1
0.6681774487831573,0.3872073612186242,0.4989875174449069,0.8980655390617921,0.09960032226104643,1
0.31110155219205937,0.09876779412435688,0.4797742135933667,0.22748215499100444,0.2219011028442257,0
0.9133015111730145,0.7389901571064383,0.40398090610878,0.1459328407662156,0.7541555671226902,1
0.6057427383624252,0.28788900786936555,0.522574799689329,0.02223266276528646,0.703288483417887,0
0.4608137541977193,0.7033064128133989,0.22647284750655738,0.9085011534744503,0.8952118369866934,0
0.20828975304033515,0.6929691451758334,0.4938701328554579,0.7531505659973158,0.40255079015955775,0
0.1222770907203532,0.7560637616164583,0.36449179197401205,0.829979812742691,0.152675816992751,0
0.8141182166025435,0.056063552999491506,0.7065605047266772,0.5686968409779642,0.029579712283661186,1
0.14814154187555872,0.8137621439222623,0.7426463822288802,0.8908701610320893,0.7777859440572399,1
0.9580077496580626,0.9328136641126962,0.970197008202527,0.9676550449070066,0.47399474871009806,1
0.41857847800828996,0.021066342680748695,0.6171684402348768,0.39556470399675603,0.10539430239232761,0
0.854239123987277,0.22248031317690609,0.23276287670713247,0.9687900006368246,0.8552854884991294,0
0.09631092598929414,0.16877622259915825,0.7608488715103984,0.6524709644173831,0.5323603316907336,0
0.27026532775891055,0.4771803603278876,0.5288328277646165,0.4695757495378652,0.48428627976638017,0
0.17366309409226688,0.2770671783892006,0.5096287065892763,0.4092783955297665,0.2447573701307315,0
0.593172441629289,0.034098104337877855,0.32473679994851967,0.4473670054667841,0.7787288926555915,0
0.9846475919216098,0.31772391455970606,0.07558356114970244,0.2874585353671868,0.08074921140997293,0
0.908543690780286,0.022110616332094768,0.3620821287412178,0.2848592766398319,0.820144102214395,0
0.5010488433564311,0.9982608519774936,0.2748890667437609,0.6762877923831884,0.4664931066458249,1
0.49487823511210727,0.262440627845801,0.6221382197139037,0.4197342879295147,0.5240602514600725,0
0.6636249161883018,0.8132290899166269,0.17545570722777826,0.23178041034625563,0.9585233798000686,0
0.3177268846771326,0.28738885926641733,0.15485855792131342,0.008234642455879793,0.4535675216623166,0
0.42909110402369566,0.5804349383301499,0.8933028988285705,0.26166767194971197,0.3094202426291902,1
0.47655369793638713,0.37949025309768314,0.022350961773981437,0.5616257593828182,0.8997267892088638,0
0.0797949400368605,0.9646207391443471,0.22722733322447408,0.9158391015242059,0.2928350348662151,0
0.5868668025706515,0.8772497750158479,0.5446405892181497,0.7676263539194232,0.27629644527376285,1
0.39643598930029567,0.8720051459007521,0.792521964240012,0.6302761410279016,0.2033026593936127,1
0.9769677999642875,0.8155041726122545,0.7945070092512939,0.19783976903870382,0.2609854181108002,1
0.5335305079229375,0.9389239031877086,0.8345401683983568,0.4730445637009234,0.029730165095291583,1
0.33973447513998833,0.29311762850429357,0.625239389955829,0.3459065786551607,0.9827980222862636,0
0.6954672078630989,0.41651714837472775,0.662528797625065,0.5891651451710457,0.6004404491539465,1
0.23503289522251058,0.34616426146144486,0.3052412816158363,0.46143365770346023,0.9442150137329526,0
0.4840250998636362,0.27162971641564904,0.251013404751366,0.3586107096547715,0.8034703290162784,0
0.047959357667704205,0.19728731319381443,0.5520976167145677,0.3538062822130963,0.729780204208481,0
0.37973415222830154,0.50651295422094,0.45179940544204933,0.7921567661314061,0.8137057843787139,0
0.7804274852325211,0.44430427653598303,0.16416379935717917,0.3831416170156767,0.7329881331235166,0
0.09199235560481833,0.8812409730715516,0.1492543647923289,0.011323176512773925,0.8187572518027332,0
0.940477109379703,0.003518541916800344,0.47417468126708484,0.8844003329169526,0.9321215675245597,1
0.4232940509398855,0.8629697909603589,0.46989696043785356,0.024690895145127012,0.22743752701023967,1
0.9673692230815735,0.20646482997212912,0.590708305790442,0.8209158484203546,0.1518895279809266,1
0.3435765556636724,0.14335617522936128,0.25373000139859714,0.4737019580078531,0.08821744016071686,0
0.5392932327750095,0.8997232278051627,0.1481194959330263,0.05164547913324058,0.3706618233329023,0
0.9264456222549149,0.49489680756477417,0.9543190120008842,0.9612855212083645,0.09648982026512232,1
0.7113417179139201,0.5605949503101525,0.04475387044237922,0.7516723371135771,0.8826779078786313,0
0.6579895760834239,0.5259562037476478,0.4674628619904193,0.3533837767068313,0.8987294920481711,1
0.5929310687403899,0.8708919481662766,0.19754920082537542,0.9563853923469716,0.22827904457810888,0
0.008846284460938714,0.7064434606880167,0.7783052886208147,0.8576401841437382,0.3469949330700631,1
0.39337242341395406,0.44366006205989716,0.19417302590287955,0.7828693934729795,0.4625503650259065,0
0.6631757844464976,0.2087556620087938,0.7712370246537882,0.1575423309027264,0.7662979361228887,1
0.20880812356020095,0.37672338305816244,0.39241368053477277,0.44957807466012556,0.11007485986155552,0
0.7303012728629268,0.26566170155998114,0.9558898037758019,0.9305752496778714,0.9482148222890451,1
0.37803745054524407,0.5219453549108265,0.8992292291859575,0.8071991660212533,0.7647799711059422,1
0.3231133800884243,0.4179498332841377,0.5157622153251846,0.48952852073501396,0.6745393026297104,0
0.6672657242161378,0.5370397613021105,0.07227426813030269,0.4527424002366144,0.018947944054924504,0
0.12960464569214425,0.8050357015466751,0.8437389279307368,0.4111737034103905,0.8180169739128867,1
0.4313436673798927,0.17861353841644723,0.004255252098464779,0.5027127541250153,0.2523794536457735,0
0.1857480298526799,0.442068650303441,0.416260069672873,0.08966750132699275,0.26962906398154385,0
0.5438524156917498,0.18561208507648608,0.16606453715929548,0.28184508396102625,0.27518886172398394,0
0.9705372035795015,0.8082713298877013,0.9688118528737456,0.34919669516371377,0.9990433994224664,1
0.11333440373337411,0.5598757433755163,0.24924158934136942,0.7749687654608265,0.771666896795717,0
0.3549711626760296,0.435483265615884,0.49095787284555104,0.3463671016757405,0.24203771962543974,0
0.21262989701819435,0.9505765528384417,0.7768581675835773,0.024686557416480848,0.9735894749543936,1
0.5891714767535536,0.5035719198323287,0.46252313828649094,0.1575644589748244,0.7661934127564911,1
0.38845830553591865,0.8640431050548025,0.04184426352479398,0.4234049925183162,0.8606033573560391,0
0.017519308058956296,0.17828464542097777,0.6036041559774846,0.8195377868128946,0.25182604864188796,0
0.03699097491192205,0.7758437567432558,0.9902113399138924,0.1983882369816541,0.6020292407563144,1
0.7145980975515381,0.7026858059777294,0.21026582659965376,0.07109186290373826,0.7008451001763737,0
0.18086795944992395,0.4158582396581745,0.1704272521357586,0.5601381799246464,0.9608300387383946,0
0.6554315242219025,0.08266580325876949,0.49286917297699007,0.6539279536597591,0.02073350143960173,0
0.6431104734641393,0.5689248519548963,0.518805418085651,0.05410957565695229,0.7339897002721081,1
0.9866785058808096,0.7039967349855696,0.9364318426873375,0.2742677726888266,0.8553864120669953,1
0.6644887434096156,0.05260654327449277,0.36925573981340676,0.2386884140518939,0.3279461886233904,0
0.6838345640699061,0.7928007398338534,0.5362016219462331,0.6618328441442097,0.33861046068626277,1
0.9681095378050786,0.7021416309377653,0.4811311406451583,0.2551720732138466,0.21298671381216616,1
0.9655871170711645,0.3236830182870455,0.60238490112684,0.7609571079557725,0.7216243506502108,1
0.11887861403538924,0.20534921465781564,0.1880602250729262,0.01928430123694347,0.24887826332997065,0
0.65533445700228,0.5127272178451295,0.443059039756021,0.6601607535202995,0.5187008291962047,1
0.6637088801678108,0.8190979674060627,0.6950454994606011,0.24210491823565283,0.2764155645869525,1
0.5765682369924398,0.6159968984370636,0.6617178751627188,0.6653197725006464,0.042880902182750535,1
0.023300373709097655,0.49511765655414763,0.2012292053968,0.8991593278818877,0.1772105234117075,0
0.7561256264742336,0.8703118336211899,0.6502511245098773,0.5297012154806516,0.1761108877373153,1
0.22762845751126537,0.6163982981480683,0.8882613297677686,0.708291258823958,0.728161455344886,1
0.0034601116143918587,0.7642171736115511,0.8309185489689382,0.5017321258599624,0.11069955953425448,1
0.8603862739275188,0.8222387953068127,0.39888509835166863,0.26968586524645366,0.37379450060711794,1
0.732997570790505,0.5886689691052369,0.8061169054316004,0.1666231762048347,0.07454065932083731,1
0.6887206369370225,0.10396685563708585,0.9009649301464115,0.3296518455954085,0.8354462228944457,1
0.17399931211731234,0.37345173074512084,0.25894241484166025,0.2017592661053239,0.578044407119482,0
0.28473240767786445,0.07931923772575444,0.43867661424396953,0.48728683170260834,0.5248744368816701,0
0.14210152141570498,0.17529510096218048,0.27547108825639965,0.34685191375601143,0.8784968964489486,0
0.3301150942509733,0.3066565986689308,0.4152105177502493,0.12761560687825846,0.809808364336568,0
0.1135329436412027,0.38692890997769025,0.7165829529203551,0.3110778844118255,0.2606746936737675,0
0.0004231988670266862,0.09691871202006952,0.1677708465129314,0.8056852051847839,0.9898277761299288,0
0.6969935412819145,0.0428781989030953,0.20311053323938455,0.5923830727309091,0.8254088049037883,0
0.3977895502022675,0.08482535229302146,0.4321109378511737,0.0910334329387611,0.5735149345403355,0
0.41889487750530985,0.3646984325949376,0.4598296959977487,0.3963739405875252,0.3794462225863179,0
0.16530696742942874,0.044672858230910606,0.11028625261646963,0.23701271947717717,0.20658686191198794,0
0.20972265889154795,0.7352099723191973,0.07476701051694812,0.4423212771023456,0.31223104368607957,0
0.35551598764604875,0.5813851956204948,0.8059213537926019,0.9587145291624064,0.8761160292089425,1
0.3601516282385343,0.6490743973919594,0.9299053180194349,0.5099038766557465,0.9727527449143355,1
0.11403104058639457,0.4700559655850277,0.33850762242294974,0.16648274235177207,0.5974287091011086,0
0.6530137166008807,0.7126266131842879,0.9737539776077293,0.744085787432448,0.2990587466814978,1
0.45279417472645445,0.9352254873698487,0.5781769127766428,0.4923511153210518,0.30399178047501796,1
0.25905072032856824,0.5705874326826669,0.5878098108549004,0.6567124254185913,0.6347772127146992,0
0.764399304020647,0.7798020263050205,0.48909791764595845,0.34243387549259974,0.4944973016519203,1
0.0818251834428142,0.25496803275403146,0.7520775188044888,0.14312935002377525,0.6044971982578901,0
0.5481244751048361,0.7491981849929612,0.42522213197958525,0.17945423818028583,0.6875953168397957,1
0.6858584492749036,0.3910693260254945,0.6331684852317483,0.6257094751169444,0.42008675134579765,1
0.3034581144825922,0.19420159432816786,0.046021370562944974,0.4865896269101363,0.7949290974145011,0
0.6337126010719496,0.8988428358513638,0.982060332057351,0.3460603526201246,0.19426479467363955,1
0.6265454155040228,0.9613447087090319,0.5714721643419862,0.9079020819211169,0.9000329821300621,1
0.5965785716249626,0.7178520836366374,0.002231691244912515,0.07087973038625828,0.11390250313874728,0
0.046122611992524876,0.7329860628388872,0.2179591250694506,0.5984593461223412,0.2653747770104864,0
0.7602369830369987,0.1348854102675503,0.013293287824427069,0.6516001117327107,0.38240178223613086,0
0.713252503264247,0.6496316562114447,0.05855450088899228,0.061609059267687005,0.7057505093509125,0
0.853337469167998,0.08333248775780377,0.2886926397377396,0.9103144014888842,0.35253030279274067,0
0.8541485241043679,0.24359430219238387,0.6820866849441999,0.29339999413976936,0.4777267025865236,1
0.06721410684193008,0.7800386156219791,0.4696141171917091,0.5400670242786818,0.36450153766891025,0
0.5676653449752589,0.8362918071288419,0.6454999309206325,0.16458185466736464,0.8693022663600873,1
0.06758906352849503,0.36460840906171343,0.039717148927943535,0.47031476561925456,0.7054497705878022,0
0.8280232984366355,0.5264942950430379,0.7701052617196373,0.5211149157141471,0.8514465471177528,1
0.40653919261294325,0.3246250444164207,0.985037118809128,0.8578937995079621,0.6700490509887079,1
0.5452167710505212,0.2029246035719222,0.08069400053772757,0.9639140946994842,0.7517849976018208,0
0.050577462034857024,0.7272015503401015,0.4259685125568192,0.14665450987146822,0.25008673289185956,0
0.10840859295900207,0.7240932719483708,0.10984716324077115,0.8676100178912175,0.776927242637476,0
0.12247657586669136,0.9183712538399952,0.7349214054433165,0.4006188710337091,0.2481287418156506,1
0.4685862398109295,0.18264527208186054,0.5333500464859976,0.6498529072224816,0.30670325413714583,0
0.573301351808084,0.9032010607919032,0.31807899868206047,0.5861068831572982,0.160238735367925,1
0.8316692206809393,0.5689957754722855,0.7323832140990493,0.46633893012813077,0.5441556074700236,1
0.5751090361209312,0.6181324789575706,0.6126734191917447,0.9518375096328908,0.20041908853614454,1
0.6621644650091972,0.1008119333930988,0.989067881252101,0.5046159427283681,0.375946210477369,1
0.011365579631340328,0.6350158223452383,0.39043787059028123,0.679088944170049,0.8007269737305456,0
0.7618316029611871,0.8871639822952097,0.3700383388563431,0.05265473634051687,0.3045587669444271,1
0.3206542399059559,0.15374137138891542,0.40620089649497626,0.03680000018954743,0.06371552529357127,0
0.2512258368604904,0.6544836025265743,0.6786517442000685,0.12478064384249243,0.07309965312190958,0
0.5398261417362848,0.7901289786001149,0.18942437587289096,0.441042383093707,0.6804109396879574,0
0.38301166113218554,0.6034773371690999,0.8766916510826024,0.17949442131730609,0.7760487730521163,1
0.16632619654433956,0.848096732127169,0.6409263035281837,0.8324224398198882,0.8122499214922726,1
0.48990939364882047,0.15943818981591895,0.4075354230538053,0.9324911380987609,0.13402602988666712,0
0.381430502143019,0.7175467727958753,0.9537617539062866,0.9411156715672693,0.05020039001137544,1
0.49216678901715505,0.1849884205454425,0.028095084247691804,0.3709484128789938,0.10454340179147237,0
0.9903338618562438,0.7747223141934351,0.04471864512649315,0.7387646105352365,0.8118098904713515,1
0.24181126816904408,0.22097053506879982,0.3377424392087207,0.09110683968402811,0.8563273822256015,0
0.6171917562813093,0.5902597801270536,0.713212838395766,0.01937793797770404,0.8692680395939446,1
0.27590809346363543,0.23345293539279954,0.5932326472518079,0.6522248128847027,0.015509675780049581,0
